Date,AAPL,AMZN,BLK,GS,JPM,MSFT,SPY
2021-06-30,133.5020294189453,172.00799560546875,775.6210327148438,336.2301025390625,137.07785034179688,259.98175048828125,400.078125
2021-07-01,133.80419921875,171.64849853515625,779.3973999023438,332.2080078125,138.4351043701172,260.6536560058594,402.2930603027344
2021-07-02,136.42628479003906,175.5489959716797,792.1621704101562,331.47271728515625,138.30209350585938,266.45977783203125,405.36810302734375
2021-07-06,138.43431091308594,183.78700256347656,791.3202514648438,327.6632995605469,135.97979736328125,266.4693603515625,404.6296691894531
2021-07-07,140.9198760986328,184.82899475097656,798.6423950195312,325.72320556640625,136.13934326171875,268.64788818359375,406.0596618652344
2021-07-08,139.6234893798828,186.57049560546875,776.9774780273438,317.9892272949219,133.79042053222656,266.23907470703125,402.7510070800781
2021-07-09,141.4462432861328,185.9669952392578,798.97021484375,329.3465576171875,138.0716552734375,266.73809814453125,407.0503234863281
2021-07-12,140.85165405273438,185.92750549316406,811.9214477539062,337.0893859863281,140.04830932617188,266.1430969238281,408.5084533691406
2021-07-13,141.96286010742188,183.8679962158203,804.9627685546875,333.0850830078125,137.96527099609375,269.6555480957031,407.1158447265625
2021-07-14,145.38424682617188,184.08399963378906,780.3636474609375,331.6853332519531,137.49549865722656,271.12384033203125,407.7233581542969
2021-07-15,144.7311553955078,181.55999755859375,780.0799560546875,330.7551574707031,137.79690551757812,269.70361328125,406.3307800292969
2021-07-16,142.69393920898438,178.68150329589844,775.6654663085938,323.1805725097656,134.65020751953125,269.43487548828125,403.1435546875
2021-07-19,138.85340881347656,177.47950744628906,749.1957397460938,314.2506408691406,130.271484375,265.8455810546875,397.1900329589844
2021-07-20,142.4599609375,178.6595001220703,779.0515747070312,323.1451721191406,132.70022583007812,268.0625305175781,402.8819274902344
2021-07-21,141.72889709472656,179.25999450683594,782.4556884765625,330.8880615234375,135.49229431152344,270.05865478515625,406.143798828125
2021-07-22,143.0935516357422,181.90150451660156,768.4319458007812,330.1881103515625,133.78155517578125,274.607666015625,406.9942932128906
2021-07-23,144.8091583251953,182.83200073242188,770.2846069335938,331.375244140625,133.52452087402344,277.995361328125,411.1814270019531
2021-07-26,145.22830200195312,184.99099731445312,772.5361938476562,333.0142517089844,134.41976928710938,277.4002685546875,412.1908264160156
2021-07-27,143.06431579589844,181.3195037841797,764.0175170898438,332.0751037597656,134.2424774169922,274.99151611328125,410.312255859375
2021-07-28,141.3195343017578,181.51600646972656,762.9802856445312,331.5347595214844,134.4640655517578,274.684326171875,410.1439514160156
2021-07-29,141.96286010742188,179.99600219726562,770.6746826171875,334.4759521484375,135.6163787841797,274.953125,411.8450012207031
2021-07-30,142.1773223876953,166.37950134277344,768.7066650390625,332.1106262207031,134.53500366210938,273.42718505859375,409.8449401855469
2021-08-02,141.8459014892578,166.57400512695312,774.1053466796875,335.04296875,133.99427795410156,273.3408508300781,408.98504638671875
2021-08-03,143.63941955566406,168.31199645996094,780.26611328125,336.9653625488281,135.51885986328125,275.54815673828125,412.31231689453125
2021-08-04,143.23976135253906,167.73599243164062,781.8617553710938,334.7506103515625,134.05633544921875,274.9626770019531,410.2841796875
2021-08-05,143.34701538085938,168.79949951171875,788.3062133789062,340.45587158203125,135.74932861328125,277.8513488769531,412.8824768066406
2021-08-06,142.6636505126953,167.2469940185547,794.3429565429688,352.4954833984375,139.6051025390625,277.7937927246094,413.5647888183594
2021-08-09,142.6148681640625,167.093505859375,799.5553588867188,354.2583923339844,139.45440673828125,276.7093811035156,413.228271484375
2021-08-10,142.13653564453125,166.03399658203125,808.94287109375,361.4253234863281,141.16510009765625,274.8955078125,413.7423400878906
2021-08-11,142.3903350830078,164.60549926757812,812.9585571289062,366.6700744628906,142.84925842285156,275.385009765625,414.77044677734375
2021-08-12,145.34825134277344,165.1750030517578,814.2440185546875,367.6532897949219,143.4076690673828,278.1296691894531,416.013427734375
2021-08-13,145.55325317382812,164.69850158691406,812.7546997070312,363.9148254394531,141.80332946777344,281.04718017578125,416.7705993652344
2021-08-16,147.5252227783203,164.94949340820312,819.872802734375,361.76202392578125,140.8726043701172,282.7265319824219,417.75189208984375
2021-08-17,146.61732482910156,162.09800720214844,806.3367309570312,358.7676086425781,139.17076110839844,281.26788330078125,415.0135192871094
2021-08-18,142.87841796875,160.06100463867188,799.502197265625,353.30157470703125,137.90325927734375,279.5467834472656,410.4710998535156
2021-08-19,143.2103729248047,159.3874969482422,801.1597900390625,348.66827392578125,136.7509765625,285.3544006347656,411.1067810058594
2021-08-20,144.66494750976562,159.99749755859375,813.0294189453125,350.70587158203125,137.14093017578125,292.6524658203125,414.37786865234375
2021-08-23,146.1487274169922,163.2935028076172,822.5056762695312,355.6492614746094,138.89596557617188,292.9312438964844,418.02294921875
2021-08-24,146.0608673095703,165.28900146484375,823.6845703125,361.9480895996094,139.75579833984375,290.97943115234375,418.68658447265625
2021-08-25,144.83087158203125,164.95899963378906,832.8418579101562,365.9878845214844,142.63653564453125,290.39288330078125,419.5651550292969
2021-08-26,144.0303497314453,165.8000030517578,829.6151123046875,365.35888671875,143.37222290039062,287.5852355957031,417.0882568359375
2021-08-27,145.06515502929688,167.48150634765625,846.5109252929688,371.8082580566406,144.52450561523438,288.19097900390625,420.81744384765625
2021-08-30,149.47764587402344,171.07850646972656,840.4298095703125,366.4130859375,142.2110595703125,291.912109375,422.6680603027344
2021-08-31,148.2183380126953,173.5395050048828,836.18359375,368.11346435546875,141.7766876220703,290.26788330078125,422.0418701171875
2021-09-01,148.8821258544922,173.9499969482422,836.6535034179688,368.2469177246094,141.57284545898438,290.2198791503906,422.2661437988281
2021-09-02,149.99502563476562,173.156005859375,842.7256469726562,368.9947509765625,142.22877502441406,289.5660095214844,423.5653076171875
2021-09-03,150.6295928955078,173.90249633789062,834.4812622070312,366.1549072265625,141.36898803710938,289.5564270019531,423.4625549316406
2021-09-07,152.9626922607422,175.46449279785156,823.396728515625,365.2735595703125,141.12081909179688,288.6332702636719,421.9483947753906
2021-09-08,151.42030334472656,176.27499389648438,822.96044921875,360.5376281738281,140.49148559570312,288.6620788574219,421.4343566894531
2021-09-09,150.405029296875,174.20799255371094,821.0018310546875,360.1637878417969,141.10308837890625,285.8159484863281,419.63055419921875
2021-09-10,145.4263458251953,173.45750427246094,816.0873413085938,359.1844787597656,139.4810028076172,284.33526611328125,416.3218994140625
2021-09-13,145.9925537109375,172.85850524902344,815.7667236328125,364.3299560546875,141.69696044921875,285.5658874511719,417.38739013671875
2021-09-14,144.59658813476562,172.5,803.026123046875,359.3714599609375,139.22393798828125,288.25823974609375,415.1348876953125
2021-09-15,145.48489379882812,173.7895050048828,809.8817749023438,357.8224792480469,140.19009399414062,293.0947265625,418.6023864746094
2021-09-16,145.2506103515625,174.41200256347656,792.7786865234375,353.13104248046875,140.12806701660156,293.47943115234375,417.9388427734375
2021-09-17,142.58558654785156,173.12600708007812,780.4833984375,348.484130859375,139.76461791992188,288.335205078125,413.86767578125
2021-09-20,139.53981018066406,167.7864990234375,763.2466430664062,336.6175537109375,135.58096313476562,282.97943115234375,406.96673583984375
2021-09-21,140.01812744140625,167.18150329589844,752.5360107421875,334.5789489746094,135.59864807128906,283.460205078125,406.58233642578125
2021-09-22,142.38058471679688,169.00250244140625,757.7089233398438,343.1517028808594,138.1957550048828,287.0947265625,410.54840087890625
2021-09-23,143.33726501464844,170.8000030517578,780.07373046875,348.8402099609375,142.86697387695312,288.03717041015625,415.53668212890625
2021-09-24,143.4251251220703,171.2760009765625,778.6936645507812,347.941162109375,144.515625,287.83514404296875,416.2210998535156
2021-09-27,141.9119873046875,170.2899932861328,779.4502563476562,355.9173889160156,148.0080108642578,282.85443115234375,415.0303039550781
2021-09-28,138.5343017578125,165.79800415039062,766.1845703125,346.73931884765625,147.2102508544922,272.6141052246094,406.6667175292969
2021-09-29,139.432373046875,165.05599975585938,762.6233520507812,342.63543701171875,147.0950164794922,273.0756530761719,407.3512268066406
2021-09-30,138.13404846191406,164.2519989013672,746.6776123046875,336.528564453125,145.09181213378906,271.07568359375,402.3724060058594
2021-10-01,139.25668334960938,164.16299438476562,749.5535278320312,338.2822570800781,148.1409454345703,277.9794921875,407.15423583984375
2021-10-04,135.83016967773438,159.48899841308594,735.0147094726562,333.0744934082031,147.98141479492188,272.2198486328125,401.903564453125
2021-10-05,137.75331115722656,161.0500030517578,746.7845458984375,343.4544372558594,150.39797973632812,277.6525573730469,406.08544921875
2021-10-06,138.62216186523438,163.10049438476562,745.6893920898438,345.448486328125,150.71897888183594,281.835205078125,407.77313232421875
2021-10-07,139.8814239501953,165.1215057373047,749.9629516601562,347.73626708984375,151.67312622070312,283.50830078125,411.29864501953125
2021-10-08,139.50076293945312,164.43099975585938,751.7882690429688,349.68597412109375,151.7890625,283.50830078125,410.54840087890625
2021-10-11,139.41287231445312,162.31500244140625,747.6303100585938,342.94696044921875,148.5966796875,282.91217041015625,407.57623291015625
2021-10-12,138.143798828125,162.3665008544922,744.4784545898438,344.09539794921875,147.45529174804688,281.6141357421875,406.5729675292969
2021-10-13,137.55807495117188,164.21400451660156,772.6307373046875,343.8995361328125,143.5673828125,284.9122009277344,408.03558349609375
2021-10-14,140.34027099609375,164.9929962158203,794.6216430664062,348.2527160644531,145.7699432373047,291.1044006347656,414.8991394042969
2021-10-15,141.39459228515625,170.4510040283203,807.7537841796875,361.490234375,148.56993103027344,292.5082702636719,418.0588684082031
2021-10-18,143.0638885498047,172.33700561523438,798.0047607421875,368.2736511230469,148.51638793945312,295.4697570800781,419.29644775390625
2021-10-19,145.22134399414062,172.20750427246094,802.7592163085938,366.9115905761719,150.31773376464844,296.3736267089844,422.5313415527344
2021-10-20,145.70947265625,170.7530059814453,803.898681640625,363.1104431152344,152.34193420410156,295.5851135253906,424.19097900390625
2021-10-21,145.92422485351562,171.75050354003906,804.6019287109375,362.84326171875,151.1470184326172,298.80633544921875,425.2973327636719
2021-10-22,145.1529998779297,166.77749633789062,814.6181030273438,368.8345031738281,153.1801300048828,297.2677917480469,424.8565979003906
2021-10-25,145.1042022705078,166.01849365234375,823.316650390625,369.21728515625,152.4310760498047,296.2774658203125,427.1349792480469
2021-10-26,145.76805114746094,168.80349731445312,829.406494140625,371.7633361816406,152.84130859375,298.1812438964844,427.51947021484375
2021-10-27,145.30923461914062,169.62449645996094,816.6660766601562,365.87005615234375,149.6578369140625,310.7389221191406,425.62548828125
2021-10-28,148.94073486328125,172.32850646972656,832.8786010742188,369.27960205078125,151.91390991210938,311.87353515625,429.7322998046875
2021-10-29,146.23660278320312,168.6215057373047,839.9835205078125,367.9709777832031,151.4947509765625,318.8639221191406,430.604248046875
2021-11-01,145.4165802001953,165.90550231933594,833.5465087890625,370.95318603515625,151.41448974609375,316.7004089355469,431.3450622558594
2021-11-02,146.45140075683594,165.6374969482422,843.8919677734375,377.31829833984375,152.011962890625,320.3157958984375,433.0889587402344
2021-11-03,147.88636779785156,169.1999969482422,847.3197631835938,372.0215148925781,152.06552124023438,321.15234375,435.73309326171875
2021-11-04,147.3690185546875,173.85000610351562,849.403076171875,363.2706604003906,150.06800842285156,323.49847412109375,437.78643798828125
2021-11-05,147.8969268798828,175.94949340820312,850.3557739257812,362.38934326171875,149.85400390625,323.13311767578125,439.30548095703125
2021-11-08,147.07566833496094,174.44900512695312,859.9356689453125,363.5110168457031,150.75465393066406,324.0273742675781,439.6805114746094
2021-11-09,147.4374542236328,178.81149291992188,860.718994140625,360.84918212890625,149.61326599121094,323.0273742675781,438.2271728515625
2021-11-10,144.61212158203125,174.1024932861328,854.006103515625,355.3031921386719,149.47056579589844,318.075439453125,434.70166015625
2021-11-11,144.56317138671875,173.625,859.6951293945312,358.1697082519531,149.461669921875,319.6427001953125,434.8423156738281
2021-11-12,146.6357879638672,176.25750732421875,864.9391479492188,360.45758056640625,148.79287719726562,323.7677307128906,438.12396240234375
2021-11-15,146.64559936523438,177.28399658203125,848.6907958984375,360.3684997558594,148.52532958984375,323.1427307128906,438.2741394042969
2021-11-16,147.6232147216797,177.03500366210938,844.871337890625,358.8372802734375,147.45529174804688,326.450439453125,440.0086669921875
2021-11-17,150.05747985839844,177.4499969482422,829.3706665039062,348.5642395019531,146.66163635253906,326.6719665527344,438.93975830078125
2021-11-18,154.33956909179688,184.80299377441406,821.5626831054688,348.404052734375,145.3953857421875,328.7430114746094,440.4306335449219
2021-11-19,156.9595947265625,183.82850646972656,814.6004028320312,344.8609924316406,143.49603271484375,330.5155334472656,439.64300537109375
2021-11-22,157.41909790039062,178.6284942626953,818.5000610351562,352.66815185546875,146.55467224121094,327.35589599609375,438.4053039550781
2021-11-23,157.8003692626953,179.0019989013672,832.8341674804688,361.7305603027344,150.05909729003906,325.2848815917969,438.9866943359375
2021-11-24,158.3185577392578,179.02049255371094,828.6407470703125,355.3655090332031,148.88204956054688,325.5064697265625,440.1587219238281
2021-11-26,153.30325317382812,175.22799682617188,802.7501220703125,346.64141845703125,144.39666748046875,317.5784606933594,430.34173583984375
2021-11-29,156.65655517578125,178.07850646972656,826.218994140625,344.10430908203125,143.7724151611328,324.2733154296875,435.62060546875
2021-11-30,161.60342407226562,175.35350036621094,805.3944091796875,339.1635437011719,141.63233947753906,318.4550476074219,427.1444396972656
2021-12-01,161.08526611328125,172.18600463867188,801.583984375,336.9173583984375,140.79408264160156,317.96380615234375,422.39996337890625
2021-12-02,160.0978546142578,171.8679962158203,818.0725708007812,346.8151550292969,143.75460815429688,317.3954162597656,428.8696594238281
2021-12-03,158.2207794189453,169.489501953125,800.9072875976562,342.5105895996094,141.1508026123047,311.1533203125,425.1379699707031
2021-12-06,161.6230010986328,171.36849975585938,802.0342407226562,348.39013671875,142.81832885742188,314.2165832519531,430.1729736328125
2021-12-07,167.35191345214844,176.1645050048828,823.697265625,358.064208984375,144.96737670898438,322.6261291503906,439.07098388671875
2021-12-08,171.16470336914062,176.1580047607422,826.3269653320312,355.56732177734375,143.30877685546875,322.67437744140625,440.2336120605469
2021-12-09,170.65631103515625,174.17100524902344,822.051513671875,354.8245544433594,143.08583068847656,320.8729248046875,437.2613830566406
2021-12-10,175.43698120117188,172.21200561523438,827.4896850585938,349.9652099609375,142.51516723632812,329.96649169921875,441.3775634765625
2021-12-13,171.80995178222656,169.5675048828125,820.7814331054688,344.2198181152344,140.8208465576172,326.9416198730469,437.4676818847656
2021-12-14,170.43148803710938,169.0915069580078,807.1146240234375,347.9606018066406,141.89984130859375,316.28765869140625,434.4578552246094
2021-12-15,175.29034423828125,173.31500244140625,818.32177734375,348.9360656738281,140.83871459960938,322.3660888671875,441.2463073730469
2021-12-16,168.4077606201172,168.87100219726562,824.2607421875,355.61212158203125,143.04124450683594,312.9739074707031,437.35516357421875
2021-12-17,167.31280517578125,170.0175018310547,817.123291015625,341.67828369140625,139.78646850585938,311.914306640625,432.70037841796875
2021-12-20,165.95387268066406,167.07899475097656,802.56201171875,332.5591125488281,137.2717742919922,308.16705322265625,428.099365234375
2021-12-21,169.12149047851562,170.41700744628906,814.708251953125,340.3538513183594,139.18902587890625,315.27618408203125,435.7020568847656
2021-12-22,171.712158203125,171.03700256347656,815.3076171875,342.1525573730469,139.73294067382812,320.9692077636719,440.0584716796875
2021-12-23,172.33787536621094,171.06849670410156,817.4362182617188,344.5777893066406,140.23231506347656,322.404541015625,442.7965087890625
2021-12-27,176.2972869873047,169.66949462890625,825.1729736328125,347.26251220703125,141.0348663330078,329.87969970703125,449.06304931640625
2021-12-28,175.28053283691406,170.66099548339844,824.5022583007812,346.8777160644531,141.46292114257812,328.7237243652344,448.696044921875
2021-12-29,175.36859130859375,169.2010040283203,813.6796264648438,345.6159362792969,141.3916015625,329.3981018066406,449.2700500488281
2021-12-30,174.2149200439453,168.64450073242188,817.293212890625,345.00738525390625,141.32017517089844,326.8645935058594,448.0280456542969
2021-12-31,173.5989990234375,166.7169952392578,818.9031982421875,342.3494567871094,141.2042999267578,323.97479248046875,446.8988952636719
2022-01-03,177.9397430419922,170.4044952392578,815.4774169921875,353.7864074707031,144.1916046142578,322.4623718261719,449.4864807128906
2022-01-04,175.6813507080078,167.52200317382812,820.3877563476562,364.65966796875,149.6578369140625,316.93310546875,449.3359375
2022-01-05,171.00827026367188,164.35699462890625,797.6246337890625,356.7396240234375,146.92178344726562,304.76666259765625,440.70770263671875
2022-01-06,168.153564453125,163.25399780273438,800.9520263671875,355.21832275390625,148.48268127441406,302.35845947265625,440.293701171875
2022-01-07,168.31976318359375,162.5540008544922,798.0719604492188,355.7374267578125,149.95388793945312,302.51263427734375,438.552978515625
2022-01-10,168.3393096923828,161.48599243164062,781.140380859375,357.2229309082031,150.097412109375,302.734130859375,438.0072937011719
2022-01-11,171.16470336914062,165.36199951171875,794.422607421875,360.69525146484375,150.2499237060547,303.4180603027344,441.9967041015625
2022-01-12,171.6046142578125,165.20700073242188,791.667724609375,349.2940368652344,151.10214233398438,306.5872802734375,443.1916809082031
2022-01-13,168.3393096923828,161.21400451660156,775.9884643554688,349.73248291015625,150.91371154785156,293.61175537109375,437.0851745605469
2022-01-14,169.19967651367188,162.13800048828125,759.01220703125,340.90863037109375,141.63804626464844,298.81353759765625,437.2639465332031
2022-01-18,166.0027618408203,158.91749572753906,744.1646728515625,317.15765380859375,135.699462890625,291.5406799316406,429.5201110839844
2022-01-19,162.5126190185547,156.2989959716797,738.3508911132812,310.8216247558594,133.60032653808594,292.19573974609375,425.0602111816406
2022-01-20,160.83108520507812,151.66749572753906,739.2900390625,311.51971435546875,132.46104431152344,290.52923583984375,420.3556213378906
2022-01-21,158.7780303955078,142.64300537109375,716.3658447265625,307.76995849609375,130.14662170410156,285.16363525390625,412.1037292480469
2022-01-24,158.0056915283203,144.54400634765625,703.75439453125,307.3047180175781,130.0299835205078,285.49114990234375,413.85382080078125
2022-01-25,156.2068634033203,139.98599243164062,714.2460327148438,305.6579895019531,131.44740295410156,277.9003601074219,408.8011169433594
2022-01-26,156.1188507080078,138.87249755859375,711.4912109375,306.669189453125,132.69427490234375,285.81866455078125,407.7755126953125
2022-01-27,155.65939331054688,139.6374969482422,704.77392578125,305.1926574707031,130.35293579101562,288.8338317871094,405.76190185546875
2022-01-28,166.5209197998047,143.97799682617188,722.8236083984375,310.5442199707031,131.5191192626953,296.9447021484375,415.83929443359375
2022-01-31,170.8714141845703,149.57350158691406,736.061279296875,317.40826416015625,133.30430603027344,299.56494140625,423.3289489746094
2022-02-01,170.7052001953125,151.19349670410156,738.7534790039062,325.8025207519531,135.59185791015625,297.4264221191406,426.1893310546875
2022-02-02,171.90768432617188,150.6125030517578,735.6765747070312,324.9075622558594,134.50634765625,301.95379638671875,430.3293762207031
2022-02-03,169.03346252441406,138.8455047607422,720.7037963867188,321.1668701171875,133.39398193359375,290.1920471191406,420.2144470214844
2022-02-04,168.74960327148438,157.63949584960938,724.3262939453125,328.970458984375,136.8566436767578,294.7098693847656,422.19036865234375
2022-02-07,168.0350341796875,157.9355010986328,730.6766967773438,329.46270751953125,137.314208984375,289.9031066894531,420.83551025390625
2022-02-08,171.1380157470703,161.4134979248047,722.1527709960938,331.2078552246094,139.8977508544922,293.3805236816406,424.298095703125
2022-02-09,172.55746459960938,161.1894989013672,727.1705932617188,335.1722717285156,140.48086547851562,299.78643798828125,430.5081481933594
2022-02-10,168.48529052734375,159.0034942626953,696.03564453125,331.6285095214844,139.8977508544922,291.2805480957031,422.7738037109375
2022-02-11,165.0787811279297,153.2935028076172,690.9371948242188,324.9075622558594,138.07667541503906,284.2099609375,414.43719482421875
2022-02-14,165.31373596191406,155.16700744628906,680.0431518554688,322.3839111328125,136.79391479492188,284.1715087890625,413.082275390625
2022-02-15,169.14114379882812,156.510498046875,698.7188110351562,325.69512939453125,138.7943115234375,289.44061279296875,419.7439270019531
2022-02-16,168.9062042236328,158.10049438476562,700.7132568359375,322.21392822265625,139.0455322265625,289.102783203125,420.2144470214844
2022-02-17,165.31373596191406,154.65249633789062,682.0018920898438,312.3787536621094,135.84295654296875,280.63726806640625,411.238037109375
2022-02-18,163.7670440673828,152.60150146484375,676.2061767578125,309.6761474609375,136.47991943359375,277.9344482421875,408.5752868652344
2022-02-22,160.8499755859375,150.19749450683594,666.77880859375,308.0921325683594,136.2376708984375,277.73175048828125,404.19061279296875
2022-02-23,156.68975830078125,144.82699584960938,655.1600952148438,305.3357849121094,133.385009765625,270.5404052734375,397.0208740234375
2022-02-24,159.3033905029297,151.35800170898438,654.533935546875,304.4408874511719,129.67120361328125,284.3633117675781,402.9955749511719
2022-02-25,161.36878967285156,153.7884979248047,671.5997314453125,313.3273620605469,132.73915100097656,286.9888610839844,411.8873596191406
2022-02-28,161.63307189941406,153.56300354003906,665.356689453125,305.42535400390625,127.2042236328125,288.4175109863281,410.83349609375
2022-03-01,159.753662109375,151.14199829101562,639.3465576171875,295.4421081542969,122.4049072265625,284.7108459472656,404.57635498046875
2022-03-02,163.04270935058594,152.05250549316406,660.1242065429688,302.8057861328125,124.94363403320312,289.7688903808594,412.01910400390625
2022-03-03,162.7196502685547,147.89849853515625,659.8290405273438,300.14117431640625,124.05551147460938,285.6471252441406,409.9678649902344
2022-03-04,159.72425842285156,145.64100646972656,627.1991577148438,296.7654724121094,120.56591796875,279.7974853515625,406.6370849609375
2022-03-07,155.93601989746094,137.4530029296875,609.6234130859375,289.7619934082031,115.91014099121094,269.2275695800781,394.6496887207031
2022-03-08,154.1152801513672,136.01449584960938,596.8380126953125,289.2939147949219,115.09380340576172,266.2738342285156,391.6576232910156
2022-03-09,159.50892639160156,139.2790069580078,624.191650390625,300.2942199707031,119.70475006103516,278.4847412109375,402.1582336425781
2022-03-10,155.17245483398438,146.8175048828125,627.7484130859375,296.9725341796875,118.28738403320312,275.6757507324219,400.34228515625
2022-03-11,151.4625244140625,145.52450561523438,618.600341796875,294.3619384765625,115.62308502197266,270.3473205566406,395.25189208984375
2022-03-14,147.4392852783203,141.85299682617188,628.0454711914062,292.54364013671875,116.7713394165039,266.84332275390625,392.3632507324219
2022-03-15,151.81491088867188,147.3665008544922,637.1752319335938,296.306396484375,118.84355163574219,277.1816101074219,400.991455078125
2022-03-16,156.2198944091797,153.10400390625,658.2803955078125,306.74859619140625,124.1541976928711,284.1701965332031,409.8831787109375
2022-03-17,157.22813415527344,157.23899841308594,667.1220703125,309.0080871582031,125.72406005859375,284.971435546875,415.01116943359375
2022-03-18,160.51715087890625,161.25050354003906,665.0153198242188,310.9074401855469,125.67919921875,290.00054931640625,419.5567932128906
2022-03-21,161.8876190185547,161.4915008544922,660.7293701171875,305.16424560546875,125.27552032470703,288.774658203125,419.4340515136719
2022-03-22,165.2549591064453,164.88900756835938,672.470458984375,308.7740173339844,127.9398422241211,293.5044860839844,424.342041015625
2022-03-23,166.6156005859375,163.4080047607422,663.097412109375,302.11260986328125,125.39218139648438,289.09320068359375,418.877197265625
2022-03-24,170.3940887451172,163.64950561523438,664.736083984375,302.6707458496094,126.20851135253906,293.5431823730469,425.1914978027344
2022-03-25,171.03038024902344,164.77349853515625,667.2210083007812,303.8049011230469,127.31185913085938,293.1376953125,427.2679443359375
2022-03-28,171.8917999267578,168.99049377441406,675.180419921875,301.8335266113281,126.3699722290039,299.9140930175781,430.3070983886719
2022-03-29,175.1808624267578,169.31500244140625,696.2135620117188,305.7584228515625,126.64805603027344,304.4605407714844,435.63031005859375
2022-03-30,174.01597595214844,166.30099487304688,699.923095703125,302.0946044921875,126.07390594482422,302.9643249511719,432.9403991699219
2022-03-31,170.9226837158203,162.99749755859375,688.0469970703125,297.1525573730469,122.2883071899414,297.60693359375,426.2768859863281
2022-04-01,170.62905883789062,163.55999755859375,693.0802612304688,297.26055908203125,121.38223266601562,298.6784362792969,427.4850158691406
2022-04-04,174.67184448242188,168.34649658203125,704.3080444335938,295.4512023925781,121.92051696777344,304.0357666015625,431.1470947265625
2022-04-05,171.3632049560547,164.05499267578125,688.2810668945312,291.6253662109375,120.50167083740234,300.0877685546875,425.7011413574219
2022-04-06,168.20140075683594,158.75599670410156,670.9937133789062,284.6939392089844,118.82980346679688,289.102783203125,421.4443664550781
2022-04-07,168.50485229492188,157.7845001220703,674.289306640625,282.7945251464844,118.46830749511719,290.9079284667969,423.56805419921875
2022-04-08,166.49815368652344,154.4604949951172,662.7732543945312,289.3118896484375,120.63720703125,286.6606750488281,422.4354553222656
2022-04-11,162.2498016357422,151.1219940185547,655.8223266601562,288.7448425292969,120.19439697265625,275.35723876953125,415.2150573730469
2022-04-12,164.11947631835938,150.78750610351562,645.4228515625,287.8626708984375,118.8749771118164,272.2682800292969,413.6766052246094
2022-04-13,166.80157470703125,155.54100036621094,644.4414672851562,289.83404541015625,115.0432357788086,277.63519287109375,418.4147033691406
2022-04-14,161.7994842529297,151.7064971923828,619.6177978515625,289.5369567871094,113.97683715820312,270.1156921386719,413.2046203613281
2022-04-18,161.58416748046875,152.78500366210938,612.26171875,296.95452880859375,116.0915298461914,270.78167724609375,413.3745422363281
2022-04-19,163.86495971679688,158.11549377441406,631.6829833984375,302.418701171875,118.49541473388672,275.39581298828125,420.04754638671875
2022-04-20,163.69851684570312,153.9980010986328,629.3690185546875,307.0186767578125,118.9111328125,276.4189453125,419.7360534667969
2022-04-21,162.90565490722656,148.29600524902344,613.5762939453125,300.933349609375,117.98931884765625,271.0616760253906,413.4595031738281
2022-04-22,158.37342834472656,144.35000610351562,596.9010620117188,287.8535461425781,114.60038757324219,264.51702880859375,402.1145324707031
2022-04-25,159.4403839111328,146.07400512695312,601.7092895507812,289.33892822265625,114.56423950195312,270.97479248046875,404.4458312988281
2022-04-26,153.48880004882812,139.39100646972656,582.5939331054688,281.8673095703125,111.17530822753906,260.83935546875,392.73272705078125
2022-04-27,153.263671875,138.16700744628906,578.9653930664062,281.9663391113281,109.72935485839844,273.3879699707031,393.8370056152344
2022-04-28,160.18435668945312,144.59649658203125,586.1234741210938,286.62933349609375,111.4644775390625,279.57550048828125,403.7850646972656
2022-04-29,154.3208465576172,124.28150177001953,562.4523315429688,274.9989013671875,107.86770629882812,267.8858642578125,388.8629455566406
2022-05-02,154.6243133544922,124.5,562.5603637695312,279.4367980957031,108.8527603149414,274.5946044921875,391.2037048339844
2022-05-03,156.1122283935547,124.25350189208984,568.197021484375,283.2536315917969,111.18433380126953,271.9979248046875,392.99700927734375
2022-05-04,162.5141143798828,125.92849731445312,598.9629516601562,291.7604064941406,114.86248016357422,279.913330078125,404.96490478515625
2022-05-05,153.45941162109375,116.40699768066406,570.6729736328125,281.8223571777344,111.9886474609375,267.7218017578125,390.5713806152344
2022-05-06,154.1848907470703,114.77249908447266,565.9998779296875,281.7232971191406,111.80791473388672,265.1928405761719,388.2400207519531
2022-05-09,149.0675811767578,108.78900146484375,545.2369995117188,278.05950927734375,110.12699890136719,255.39505004882812,375.80963134765625
2022-05-10,151.46937561035156,108.85900115966797,549.4418334960938,274.61175537109375,107.44295501708984,260.1443176269531,376.6779479980469
2022-05-11,143.61700439453125,105.37200164794922,540.5459594726562,271.45208740234375,106.76518249511719,251.50497436523438,370.6939697265625
2022-05-12,139.7545623779297,106.93049621582031,540.591064453125,269.52569580078125,106.67479705810547,246.4855194091797,370.3070373535156
2022-05-13,144.2150115966797,113.05500030517578,554.0338134765625,276.34918212890625,107.62368774414062,252.05516052246094,379.1602783203125
2022-05-16,142.6759490966797,110.81050109863281,538.9703369140625,273.1535339355469,106.87361145019531,252.4219512939453,377.62176513671875
2022-05-17,146.3030548095703,115.36849975585938,550.7833862304688,281.7322998046875,110.41619110107422,257.55731201171875,385.3896179199219
2022-05-18,138.04881286621094,107.11250305175781,532.9017944335938,276.1150817871094,108.52741241455078,245.83082580566406,369.8539733886719
2022-05-19,134.6470947265625,107.31900024414062,534.0001831054688,277.4383544921875,106.91878509521484,244.9213409423828,367.5887756347656
2022-05-20,134.88233947753906,107.59100341796875,540.6270141601562,276.1781311035156,106.04219818115234,244.36016845703125,367.7492370605469
2022-05-23,140.29371643066406,107.55699920654297,550.5941772460938,285.0089416503906,112.60318756103516,252.18748474121094,374.62982177734375
2022-05-24,137.5978240966797,104.0999984741211,556.7530517578125,282.614501953125,114.19374084472656,251.19097900390625,371.77001953125
2022-05-25,137.7547149658203,106.7750015258789,564.1810913085938,283.4696960449219,114.98897552490234,253.99681091308594,375.0545654296875
2022-05-26,140.9505157470703,111.07749938964844,587.4469604492188,291.3282470703125,116.9771728515625,257.2670593261719,382.54864501953125
2022-05-27,146.69517517089844,115.14649963378906,600.1334228515625,295.78424072265625,118.63096618652344,264.3687438964844,391.93994140625
2022-05-31,145.91094970703125,120.20950317382812,602.429443359375,296.0289001464844,119.49854278564453,263.0432434082031,389.7406921386719
2022-06-01,145.7835235595703,121.68399810791016,594.713134765625,291.5003356933594,117.40190887451172,263.5754089355469,386.5882873535156
2022-06-02,148.23431396484375,125.51100158691406,618.1050415039062,293.6739196777344,119.29068756103516,265.6652526855469,393.9503173828125
2022-06-03,142.51905822753906,122.3499984741211,609.15478515625,288.6291198730469,117.62785339355469,261.2532958984375,387.4850158691406
2022-06-06,143.26406860351562,124.79000091552734,612.4193725585938,290.28662109375,117.23924255371094,260.0245056152344,388.664794921875
2022-06-07,145.7835235595703,123.0,616.2916259765625,291.1923522949219,117.54651641845703,263.6528015136719,392.3929138183594
2022-06-08,145.04827880859375,121.18000030517578,600.69384765625,285.00640869140625,115.67581176757812,261.63067626953125,388.12677001953125
2022-06-09,139.83297729492188,116.1500015258789,598.3724975585938,275.53277587890625,113.24482727050781,256.193115234375,378.8960266113281
2022-06-10,134.431396484375,109.6500015258789,560.122314453125,259.9546813964844,108.0394058227539,244.7761993408203,367.9096374511719
2022-06-13,129.2847442626953,103.66999816894531,542.9378662109375,256.6036376953125,104.82218170166016,234.39459228515625,353.9408264160156
2022-06-14,130.1474151611328,102.30999755859375,536.1458129882812,255.8971710205078,103.0780029296875,236.5521697998047,352.87432861328125
2022-06-15,132.76483154296875,107.66999816894531,544.008056640625,262.71710205078125,104.29801940917969,243.58615112304688,357.9049987792969
2022-06-16,127.50052642822266,103.66000366210938,531.1943969726562,258.1070556640625,102.50865936279297,237.0166015625,346.0597229003906
2022-06-17,128.97100830078125,106.22000122070312,528.0115356445312,253.4065399169922,102.14717102050781,239.60958862304688,346.80572509765625
2022-06-21,133.19622802734375,108.68000030517578,557.2839965820312,257.9530944824219,104.67758178710938,245.5019073486328,355.5361022949219
2022-06-22,132.68643188476562,108.94999694824219,552.5140991210938,257.7085266113281,104.09016418457031,244.9116668701172,354.8914794921875
2022-06-23,135.54896545410156,112.44000244140625,566.5064697265625,259.1848449707031,102.95146942138672,250.45559692382812,358.3703918457031
2022-06-24,138.87225341796875,116.45999908447266,587.427001953125,274.2013244628906,106.02410888671875,259.0086669921875,369.7643127441406
2022-06-27,138.87225341796875,113.22000122070312,577.5787963867188,272.4172058105469,105.17460632324219,256.2898254394531,368.35205078125
2022-06-28,134.73533630371094,107.4000015258789,570.505615234375,271.2487487792969,104.66854095458984,248.15292358398438,360.825439453125
2022-06-29,136.49005126953125,108.91999816894531,560.3853149414062,274.681396484375,104.1986083984375,251.8101806640625,360.5315856933594
2022-06-30,134.02947998046875,106.20999908447266,552.2963256835938,269.0117492675781,101.7676010131836,248.49154663085938,357.6025085449219
2022-07-01,136.1959686279297,109.55999755859375,559.2427978515625,271.01336669921875,103.06896209716797,251.15220642089844,361.3846740722656
2022-07-05,138.7742156982422,113.5,562.88818359375,269.1746826171875,102.67693328857422,254.3161163330078,362.06719970703125
2022-07-06,140.1074676513672,114.33000183105469,557.4653930664062,266.0591125488281,102.01136779785156,257.5670166015625,363.2900390625
2022-07-07,143.46998596191406,116.33000183105469,565.590576171875,270.4427185058594,104.59152221679688,259.6859436035156,368.7310791015625
2022-07-08,144.1463623046875,115.54000091552734,561.8362426757812,268.5135498046875,104.26329803466797,258.9699401855469,368.42779541015625
2022-07-11,142.0190887451172,111.75,548.6328735351562,265.53387451171875,102.8957290649414,255.92221069335938,364.21905517578125
2022-07-12,142.98960876464844,109.22000122070312,547.0821533203125,264.945068359375,102.99601745605469,245.4341583251953,360.9960632324219
2022-07-13,142.6268768310547,110.4000015258789,540.8158569335938,262.7895202636719,102.02961730957031,244.51499938964844,359.1002502441406
2022-07-14,145.5482635498047,110.62999725341797,533.7879638671875,255.03677368164062,98.46482849121094,245.83082580566406,358.22821044921875
2022-07-15,147.21475219726562,113.55000305175781,544.4342041015625,266.1587219238281,102.977783203125,248.3851318359375,365.0721740722656
2022-07-18,144.17579650878906,113.76000213623047,541.8588256835938,272.8519592285156,101.92019653320312,245.9953155517578,362.0577392578125
2022-07-19,148.02845764160156,118.20999908447266,569.7982177734375,288.05859375,104.44563293457031,251.10386657714844,371.8402404785156
2022-07-20,150.02830505371094,122.7699966430664,575.5928344726562,291.1379699707031,104.42740631103516,253.75486755371094,374.2101135253906
2022-07-21,152.29287719726562,124.62999725341797,579.7461547851562,295.7480773925781,105.13855743408203,256.24151611328125,378.020751953125
2022-07-22,151.05763244628906,122.41999816894531,574.6044921875,293.38421630859375,104.62798309326172,251.90689086914062,374.513427734375
2022-07-25,149.94007873535156,121.13999938964844,576.880615234375,293.5562438964844,105.04737091064453,250.42660522460938,374.9683532714844
2022-07-26,148.61663818359375,114.80999755859375,564.9014892578125,288.51153564453125,103.40629577636719,243.7216339111328,370.5321960449219
2022-07-27,153.7045135498047,120.97000122070312,583.382568359375,293.9366149902344,105.06559753417969,260.014892578125,380.1535339355469
2022-07-28,154.25347900390625,122.27999877929688,598.490478515625,298.0756530761719,104.6735610961914,267.4358215332031,384.9216613769531
2022-07-29,159.31195068359375,134.9499969482422,606.8333129882812,301.9521179199219,105.17501068115234,271.6252746582031,390.5332336425781
2022-08-01,158.33163452148438,135.38999938964844,608.83740234375,300.7656555175781,104.12654113769531,268.98388671875,389.3768005371094
2022-08-02,156.86114501953125,134.16000366210938,604.0946044921875,296.961669921875,102.50370788574219,265.8974609375,386.8078918457031
2022-08-03,162.86073303222656,139.52000427246094,626.2031860351562,301.7528381347656,103.57953643798828,273.2990417480469,392.8652038574219
2022-08-04,162.5469970703125,142.57000732421875,631.163330078125,300.575439453125,102.43988037109375,274.44085693359375,392.5998229980469
2022-08-05,162.3212432861328,140.8000030517578,631.0910034179688,303.1114196777344,105.5396957397461,273.72479248046875,391.9361877441406
2022-08-08,161.84999084472656,139.41000366210938,631.399169921875,303.1204528808594,104.25418090820312,271.21893310546875,391.4811706542969
2022-08-09,161.8991241455078,137.8300018310547,631.616943359375,304.87750244140625,105.19324493408203,273.13458251953125,389.9266357421875
2022-08-10,166.13995361328125,142.69000244140625,657.64306640625,315.1029357910156,107.9375,279.7718505859375,398.1166076660156
2022-08-11,165.40370178222656,140.63999938964844,660.7625122070312,318.5174560546875,109.53299713134766,277.70135498046875,398.1166076660156
2022-08-12,168.9475860595703,143.5500030517578,681.7828369140625,320.4555969238281,111.34729766845703,282.4326171875,404.8563232421875
2022-08-15,170.0176239013672,143.17999267578125,685.4012451171875,322.2942199707031,111.64815521240234,283.9419250488281,406.5246276855469
2022-08-16,169.86053466796875,144.77999877929688,686.5345458984375,321.4971618652344,112.71488189697266,283.2066345214844,407.3209228515625
2022-08-17,171.35269165039062,142.10000610351562,673.9749755859375,320.383056640625,111.76668548583984,282.4600830078125,404.4297180175781
2022-08-18,170.95997619628906,142.3000030517578,675.7886962890625,321.089599609375,110.90054321289062,281.34503173828125,405.6052551269531
2022-08-19,168.3782196044922,138.22999572753906,647.3413696289062,316.3345947265625,108.15631103515625,277.4472961425781,400.1546630859375
2022-08-22,164.5005645751953,133.22000122070312,630.2930908203125,310.13067626953125,106.36935424804688,269.302734375,391.8223876953125
2022-08-23,164.166748046875,133.6199951171875,632.0341186523438,308.1018371582031,105.32087707519531,268.0326232910156,390.8745422363281
2022-08-24,164.4613037109375,133.8000030517578,635.1627197265625,309.69586181640625,105.576171875,267.4024353027344,392.1258239746094
2022-08-25,166.91551208496094,137.27999877929688,644.3942260742188,313.8168029785156,108.08338165283203,270.36932373046875,397.6616516113281
2022-08-26,160.62290954589844,130.75,613.4168090820312,304.67822265625,104.54594421386719,259.93646240234375,384.201171875
2022-08-29,158.42396545410156,129.7899932861328,612.9180297851562,302.43218994140625,104.29065704345703,257.1635437011719,381.6607971191406
2022-08-30,155.9991912841797,128.72999572753906,610.04345703125,302.16949462890625,104.30891418457031,254.97222900390625,377.470947265625
2022-08-31,154.3401336669922,126.7699966430664,604.3031616210938,303.57470703125,103.68892669677734,253.51788330078125,374.5987854003906
2022-09-01,155.06658935546875,127.81999969482422,602.9066162109375,304.3321533203125,104.4000473022461,252.48037719726562,375.774169921875
2022-09-02,152.9559326171875,127.51000213623047,596.749267578125,302.4888610839844,103.67066955566406,248.2724151611328,371.8117980957031
2022-09-06,151.69940185546875,126.11000061035156,604.4692993164062,297.935302734375,103.69803619384766,245.54788208007812,370.4089660644531
2022-09-07,153.1032257080078,129.47999572753906,615.9715576171875,301.6493225097656,105.66734313964844,250.2406463623047,377.0633239746094
2022-09-08,151.63067626953125,129.82000732421875,632.1423950195312,306.0477600097656,108.12895202636719,250.65756225585938,379.5278625488281
2022-09-09,154.48736572265625,133.27000427246094,635.3765258789062,310.35498046875,108.64864349365234,256.4169616699219,385.4239807128906
2022-09-12,160.43638610839844,136.4499969482422,636.60986328125,312.61798095703125,109.93414306640625,258.5403137207031,389.5663146972656
2022-09-13,151.0220489501953,126.81999969482422,589.1937866210938,299.66912841796875,106.11407470703125,244.32618713378906,372.6270446777344
2022-09-14,152.465087890625,128.5500030517578,587.9788208007812,298.63800048828125,105.867919921875,244.54922485351562,374.04901123046875
2022-09-15,149.57896423339844,126.27999877929688,577.709716796875,302.61663818359375,107.46341705322266,237.91725158691406,369.8022766113281
2022-09-16,147.93954467773438,123.52999877929688,572.593505859375,297.6798095703125,106.74317169189453,237.2967071533203,366.9810485839844
2022-09-19,151.65032958984375,124.66000366210938,579.8931274414062,299.91552734375,107.7278060913086,237.08338928222656,369.8270263671875
2022-09-20,154.0260467529297,122.19000244140625,568.5462646484375,294.9878234863281,105.60352325439453,235.07632446289062,365.5819396972656
2022-09-21,150.9042510986328,118.54000091552734,555.5548095703125,292.6607666015625,102.55838775634766,231.68276977539062,359.20477294921875
2022-09-22,149.94219970703125,117.30999755859375,548.6205444335938,285.5521545410156,101.39141845703125,233.65103149414062,356.18756103515625
2022-09-23,147.67449951171875,113.77999877929688,540.297607421875,275.5598449707031,99.50415802001953,230.6841278076172,350.2197265625
2022-09-26,148.00828552246094,115.1500015258789,534.1398315429688,268.8526306152344,97.36164093017578,230.2283935546875,346.75506591796875
2022-09-27,148.98016357421875,114.41000366210938,528.6124267578125,265.89605712890625,96.504638671875,229.2200469970703,345.869873046875
2022-09-28,147.0952911376953,118.01000213623047,534.8524780273438,274.48297119140625,98.45569610595703,233.73828125,352.67535400390625
2022-09-29,139.87014770507812,114.80000305175781,515.20068359375,270.2122497558594,96.78726959228516,230.27688598632812,345.30828857421875
2022-09-30,135.66851806640625,113.0,502.7392578125,267.4198913574219,95.27383422851562,225.8167724609375,339.9685974121094
2022-10-03,139.84068298339844,115.87999725341797,523.2405395507812,272.9864501953125,98.21865844726562,233.41836547851562,348.9442443847656
2022-10-04,143.42384338378906,121.08999633789062,540.2153930664062,287.3315734863281,102.81368255615234,241.31076049804688,359.7568664550781
2022-10-05,143.71832275390625,120.94999694824219,532.7694091796875,281.9749755859375,101.54427337646484,241.6210479736328,358.9191589355469
2022-10-06,142.76608276367188,120.30000305175781,522.2263793945312,278.023681640625,99.47455596923828,239.2843475341797,355.21673583984375
2022-10-07,137.52392578125,114.55999755859375,502.8488464355469,274.7476501464844,97.48764038085938,227.1160125732422,345.30828857421875
2022-10-10,137.84786987304688,113.66999816894531,498.4086608886719,274.2548828125,96.57698059082031,222.27777099609375,342.67181396484375
2022-10-11,136.43423461914062,112.20999908447266,485.2528076171875,268.4784851074219,93.7897720336914,218.55459594726562,340.5016174316406
2022-10-12,135.8059539794922,112.9000015258789,485.21624755859375,269.4822692871094,95.30755615234375,218.88424682617188,339.37847900390625
2022-10-13,140.3708038330078,112.52999877929688,517.1285400390625,280.2137451171875,100.60601043701172,227.1160125732422,348.3350524902344
2022-10-14,135.84524536132812,106.9000015258789,503.3512878417969,273.7529602050781,102.2801742553711,221.60874938964844,340.39697265625
2022-10-17,139.80142211914062,113.79000091552734,520.0703125,279.88519287109375,106.5759506225586,230.3059539794922,349.1440734863281
2022-10-18,141.11683654785156,116.36000061035156,530.8599243164062,286.4007873535156,109.317138671875,231.2464599609375,353.2464599609375
2022-10-19,141.22483825683594,115.06999969482422,527.9730224609375,284.49365234375,107.17385864257812,229.28790283203125,350.7431640625
2022-10-20,140.7634735107422,115.25,522.9116821289062,283.626708984375,106.82429504394531,228.9679412841797,347.8020324707031
2022-10-21,144.57240295410156,119.31999969482422,545.6604614257812,296.6669006347656,112.43550872802734,234.7563934326172,356.2541809082031
2022-10-24,146.71246337890625,119.81999969482422,558.6153564453125,299.9519958496094,112.573486328125,239.73037719726562,360.61346435546875
2022-10-25,149.5495147705078,120.5999984741211,580.9987182617188,303.3283996582031,112.86783599853516,243.03663635253906,366.3719177246094
2022-10-26,146.6143035888672,115.66000366210938,582.697998046875,306.33062744140625,114.16486358642578,224.28485107421875,363.6116943359375
2022-10-27,142.14764404296875,110.95999908447266,592.9119873046875,307.69036865234375,114.61559295654297,219.8538055419922,361.6700134277344
2022-10-28,152.88723754882812,103.41000366210938,606.4061279296875,311.9245300292969,115.97699737548828,228.69644165039062,370.27435302734375
2022-10-31,150.53118896484375,102.44000244140625,590.1074829101562,314.37921142578125,115.79302978515625,225.07022094726562,367.5997619628906
2022-11-01,147.8905029296875,96.79000091552734,595.671142578125,318.09332275390625,117.88113403320312,221.23065185546875,365.9912109375
2022-11-02,142.37342834472656,92.12000274658203,583.6206665039062,319.1974792480469,116.79568481445312,213.4060516357422,356.80609130859375
2022-11-03,136.33609008789062,89.30000305175781,579.052734375,318.3578796386719,117.00724029541016,207.7340087890625,353.1322021484375
2022-11-04,136.07058715820312,90.9800033569336,599.4627075195312,326.60723876953125,120.20838928222656,214.6568603515625,358.21484375
2022-11-07,136.60159301757812,90.52999877929688,617.8719482421875,330.8506164550781,120.84310150146484,220.93975830078125,361.6415100097656
2022-11-08,137.17189025878906,89.9800033569336,627.0353393554688,332.18292236328125,120.91668701171875,221.9093475341797,363.5926513671875
2022-11-09,132.6191864013672,86.13999938964844,611.7689819335938,330.339599609375,119.34371948242188,217.6819610595703,356.10186767578125
2022-11-10,144.4188995361328,96.62999725341797,694.1671142578125,345.22314453125,124.25578308105469,235.59022521972656,375.6711120605469
2022-11-11,147.20169067382812,100.79000091552734,707.8164672851562,351.4831848144531,124.45817565917969,239.59458923339844,379.30706787109375
2022-11-14,145.80535888671875,98.48999786376953,677.1192626953125,348.9188232421875,123.17958068847656,234.20370483398438,376.0803527832031
2022-11-15,147.53599548339844,98.94000244140625,676.3516235351562,349.3934631347656,122.28730010986328,234.6109161376953,379.28802490234375
2022-11-16,146.30685424804688,97.12000274658203,664.2191772460938,348.8915100097656,122.45286560058594,235.0387725830078,376.3945617675781
2022-11-17,148.20468139648438,94.8499984741211,658.9933471679688,346.5645751953125,121.91934967041016,234.9901123046875,375.2428283691406
2022-11-18,148.76513671875,94.13999938964844,658.353759765625,346.0352478027344,123.11517333984375,234.54286193847656,376.94659423828125
2022-11-21,145.5398712158203,92.45999908447266,661.1767578125,346.9569396972656,122.38847351074219,235.34988403320312,375.57598876953125
2022-11-22,147.6736602783203,93.19999694824219,670.08447265625,350.2968444824219,124.2190170288086,238.24740600585938,380.6300964355469
2022-11-23,148.54881286621094,94.12999725341797,672.70654296875,352.4687194824219,125.54363250732422,240.72679138183594,383.0286865234375
2022-11-25,145.6382293701172,93.41000366210938,674.04052734375,354.850341796875,125.78278350830078,240.63931274414062,382.9429626464844
2022-11-28,141.81314086914062,93.94999694824219,658.8653564453125,348.9188232421875,123.58433532714844,235.0679168701172,376.8323669433594
2022-11-29,138.81402587890625,92.41999816894531,652.3147583007812,350.15081787109375,125.61722564697266,233.67752075195312,376.1851501464844
2022-11-30,145.55955505371094,96.54000091552734,654.1420288085938,354.6883850097656,127.1073989868164,248.0775604248047,388.0351257324219
2022-12-01,145.83486938476562,95.5,659.7881469726562,352.5389709472656,125.32286071777344,247.6400146484375,387.7496337890625
2022-12-02,145.34320068359375,94.12999725341797,651.3829345703125,349.5721740722656,124.32939147949219,247.96087646484375,387.3022766113281
2022-12-05,144.1829071044922,91.01000213623047,651.1818237304688,341.26873779296875,120.84310150146484,243.2742919921875,380.33502197265625
2022-12-06,140.5249786376953,88.25,653.39892578125,333.34185791015625,121.04546356201172,238.3348846435547,374.8525695800781
2022-12-07,138.587890625,88.45999908447266,652.3593139648438,330.59552001953125,120.96267700195312,237.6056671142578,374.21478271484375
2022-12-08,140.26931762695312,90.3499984741211,647.0975952148438,328.9052734375,122.23210906982422,240.5518035888672,377.14642333984375
2022-12-09,139.7875213623047,89.08999633789062,650.326416015625,329.87908935546875,121.56980895996094,238.62661743164062,374.3290710449219
2022-12-12,142.07861328125,90.55000305175781,652.4237670898438,333.5898742675781,123.45550537109375,245.52032470703125,379.7259216308594
2022-12-13,143.0423126220703,92.48999786376953,666.1488037109375,338.6509094238281,123.33595275878906,249.8082733154297,382.600341796875
2022-12-14,140.81997680664062,91.58000183105469,654.5303955078125,331.0179443359375,122.71963500976562,250.09996032714844,380.1542053222656
2022-12-15,134.22193908691406,88.44999694824219,642.2586669921875,321.3275451660156,119.67487335205078,242.1172332763672,370.85498046875
2022-12-16,132.26519775390625,87.86000061035156,644.1354370117188,318.1310729980469,118.92977142333984,237.9168243408203,366.4766540527344
2022-12-19,130.16085815429688,84.91999816894531,637.006103515625,316.5328369140625,119.6380615234375,233.794189453125,363.3690185546875
2022-12-20,130.09207153320312,85.19000244140625,636.1690673828125,316.4226379394531,120.21760559082031,235.1068115234375,363.8662414550781
2022-12-21,133.18946838378906,86.7699966430664,655.8366088867188,321.63067626953125,121.56980895996094,237.6640167236328,369.30694580078125
2022-12-22,130.02322387695312,83.79000091552734,646.996337890625,317.42376708984375,120.18999481201172,231.59674072265625,364.038330078125
2022-12-23,129.6593780517578,85.25,647.5574340820312,317.3594970703125,120.76030731201172,232.12179565429688,366.13238525390625
2022-12-27,127.8599624633789,83.04000091552734,646.931884765625,314.1079406738281,121.1834487915039,230.40081787109375,364.6885681152344
2022-12-28,123.93653106689453,81.81999969482422,644.2367553710938,313.09759521484375,121.84575653076172,228.03807067871094,360.15625
2022-12-29,127.44693756103516,84.18000030517578,658.7894897460938,315.4489440917969,122.54486083984375,234.3386688232422,366.63916015625
2022-12-30,127.76160430908203,84.0,651.8720092773438,315.40301513671875,123.35436248779297,233.18162536621094,365.67333984375
2023-01-03,122.98271179199219,85.81999969482422,655.0086059570312,318.0116271972656,124.2926025390625,232.9482421875,364.1339111328125
2023-01-04,124.25117492675781,85.13999938964844,664.0789794921875,319.37103271484375,125.45164489746094,222.75836181640625,366.9452209472656
2023-01-05,122.93354797363281,83.12000274658203,645.0736694335938,315.7521057128906,125.42383575439453,216.15631103515625,362.7570495605469
2023-01-06,127.45675659179688,86.08000183105469,678.8893432617188,319.7200622558594,127.82389068603516,218.7037811279297,371.0758361816406
2023-01-09,127.97791290283203,87.36000061035156,692.6787719726562,324.2392272949219,127.29570770263672,220.83319091796875,370.865478515625
2023-01-10,128.5482940673828,89.87000274658203,696.6253051757812,328.2440185546875,128.43548583984375,222.51527404785156,373.4662780761719
2023-01-11,131.26223754882812,95.08999633789062,695.3742065429688,334.783935546875,129.38995361328125,229.2437286376953,378.1898193359375
2023-01-12,131.18356323242188,95.2699966430664,693.5711059570312,339.79901123046875,129.26022338867188,231.90786743164062,379.5667419433594
2023-01-13,132.51100158691406,98.12000274658203,693.5988159179688,343.5282287597656,132.52206420898438,232.60797119140625,381.039306640625
2023-01-17,133.6713104248047,96.05000305175781,689.679931640625,321.41021728515625,130.47415161132812,233.69696044921875,380.34124755859375
2023-01-18,132.95350646972656,95.45999908447266,687.499755859375,320.6478576660156,126.55436706542969,229.28262329101562,374.33642578125
2023-01-19,133.0124969482422,93.68000030517578,671.4105834960938,322.17254638671875,124.86783599853516,225.51002502441406,371.6112976074219
2023-01-20,135.56910705566406,97.25,682.30224609375,313.98846435546875,125.17361450195312,233.570556640625,378.53411865234375
2023-01-23,138.7550048828125,97.5199966430664,688.1068725585938,320.69378662109375,127.20301818847656,235.86520385742188,383.075927734375
2023-01-24,140.1512908935547,96.31999969482422,691.83251953125,319.94976806640625,128.29649353027344,235.34014892578125,382.6647644042969
2023-01-25,139.49249267578125,97.18000030517578,691.0782470703125,321.143798828125,128.9173583984375,233.9497528076172,382.80828857421875
2023-01-26,141.55746459960938,99.22000122070312,698.1153564453125,326.0487365722656,129.71429443359375,241.13522338867188,387.0154724121094
2023-01-27,143.4945831298828,102.23999786376953,698.3729858398438,324.8822937011719,130.0293426513672,241.29075622558594,387.9046630859375
2023-01-30,140.6134796142578,100.55000305175781,687.959716796875,328.3358459472656,128.9266357421875,235.99163818359375,383.0376892089844
2023-01-31,141.88197326660156,103.12999725341797,698.4005737304688,336.0055236816406,129.69573974609375,240.95045471191406,388.6696472167969
2023-02-01,143.0028839111328,105.1500015258789,701.546630859375,335.9136962890625,129.3528594970703,245.75372314453125,392.8003234863281
2023-02-02,148.302978515625,112.91000366210938,708.997802734375,339.3673095703125,128.7505645751953,257.27569580078125,398.5183410644531
2023-02-03,151.9215545654297,103.38999938964844,696.5147094726562,339.80828857421875,130.74288940429688,251.19869995117188,394.282470703125
2023-02-06,149.1977996826172,102.18000030517578,682.9185791015625,340.5889892578125,131.51199340820312,249.66241455078125,391.8728942871094
2023-02-07,152.06906127929688,102.11000061035156,681.483642578125,343.8956604003906,133.11514282226562,260.1537170410156,396.99798583984375
2023-02-08,149.3845977783203,100.05000305175781,671.4013671875,344.53863525390625,132.17919921875,259.3467102050781,392.6568603515625
2023-02-09,148.35214233398438,98.23999786376953,658.6238403320312,338.0079650878906,130.12205505371094,256.3228454589844,389.2529296875
2023-02-10,148.7165069580078,97.61000061035156,665.56005859375,341.02984619140625,130.69656372070312,255.81723022460938,390.16131591796875
2023-02-13,151.51339721679688,99.54000091552734,677.8866577148438,343.546630859375,132.11434936523438,263.8097229003906,394.74139404296875
2023-02-14,150.873291015625,99.69999694824219,670.7484130859375,341.4891662597656,132.6981658935547,264.63616943359375,394.55975341796875
2023-02-15,152.97088623046875,101.16000366210938,666.185546875,343.8405456542969,133.254150390625,262.5209655761719,395.8410339355469
2023-02-16,151.37551879882812,98.1500015258789,655.891845703125,340.0378723144531,131.41934204101562,255.53195190429688,390.3907775878906
2023-02-17,150.23313903808594,97.19999694824219,658.7987670898438,338.47637939453125,131.8085479736328,251.54518127441406,389.4154357910156
2023-02-21,146.22494506835938,94.58000183105469,640.0235595703125,331.6976623535156,129.38995361328125,246.29127502441406,381.60345458984375
2023-02-22,146.64842224121094,95.79000091552734,632.3515014648438,331.4864196777344,128.39842224121094,245.16053771972656,381.0775451660156
2023-02-23,147.1309814453125,95.81999969482422,636.4267578125,333.9205322265625,129.42701721191406,248.33822631835938,383.10467529296875
2023-02-24,144.48182678222656,93.5,628.6902465820312,334.20526123046875,130.5946044921875,242.92837524414062,379.01214599609375
2023-02-27,145.67349243164062,93.76000213623047,628.3499145507812,335.7483825683594,131.73440551757812,243.8446502685547,380.3030090332031
2023-02-28,145.1711883544922,94.2300033569336,634.2096557617188,322.9992370605469,132.83714294433594,243.12335205078125,378.89739990234375
2023-03-01,143.1030731201172,92.16999816894531,626.0501708984375,320.2979431152344,132.0958251953125,240.05282592773438,377.4440002441406
2023-03-02,143.69395446777344,92.12999725341797,630.9716186523438,322.9530029296875,130.72438049316406,244.77064514160156,380.37945556640625
2023-03-03,148.7362060546875,94.9000015258789,639.5543212890625,330.344482421875,133.12442016601562,248.8451385498047,386.4800109863281
2023-03-06,151.49368286132812,93.75,637.8402709960938,330.3074951171875,132.3460235595703,250.38523864746094,386.74774169921875
2023-03-07,149.2975616455078,93.55000305175781,625.1182861328125,320.15911865234375,128.4540252685547,247.73391723632812,380.8193054199219
2023-03-08,150.54830932617188,93.91999816894531,624.8403930664062,323.1287536621094,127.69417572021484,247.29527282714844,381.44091796875
2023-03-09,148.30288696289062,92.25,603.4552612304688,316.468017578125,120.7812728881836,245.95010375976562,374.40338134765625
2023-03-10,146.24462890625,90.7300033569336,588.3984985351562,303.1280822753906,123.84854125976562,242.31427001953125,369.0009460449219
2023-03-13,148.1847381591797,92.43000030517578,579.8184814453125,291.8788146972656,121.62451934814453,247.50970458984375,368.4750061035156
2023-03-14,150.27252197265625,94.87999725341797,590.992919921875,298.021484375,124.74736022949219,254.206298828125,374.56591796875
2023-03-15,150.66644287109375,96.19999694824219,585.3500366210938,288.8074951171875,118.85379028320312,258.7388610839844,372.2232666015625
2023-03-16,153.48301696777344,100.04000091552734,590.2054443359375,291.4902038574219,121.16118621826172,269.22723388671875,378.7539978027344
2023-03-17,152.6459197998047,98.94999694824219,589.9551391601562,280.80535888671875,116.58345794677734,272.3756408691406,374.32537841796875
2023-03-20,155.0094757080078,97.70999908447266,596.3021240234375,286.34674072265625,117.8159408569336,265.35748291015625,377.9247131347656
2023-03-21,156.8609161376953,100.61000061035156,613.5270385742188,293.51629638671875,120.97586059570312,266.8682861328125,382.88702392578125
2023-03-22,155.43296813964844,98.69999694824219,600.7125854492188,290.1766662597656,117.85298919677734,265.41595458984375,376.36016845703125
2023-03-23,156.51622009277344,98.70999908447266,603.9183959960938,291.2682189941406,117.53792572021484,270.6503601074219,377.3776550292969
2023-03-24,157.81617736816406,98.12999725341797,597.5252075195312,289.15899658203125,115.74948120117188,273.4869384765625,379.8539733886719
2023-03-27,155.8761444091797,98.04000091552734,600.7125854492188,294.672607421875,119.06694030761719,269.4027404785156,380.5642395019531
2023-03-28,155.25567626953125,97.23999786376953,598.7853393554688,294.5893859863281,119.42833709716797,268.2817687988281,379.7099914550781
2023-03-29,158.3282928466797,100.25,608.9590454101562,296.6985778808594,119.66925811767578,273.42840576171875,385.2290954589844
2023-03-30,159.8941650390625,102.0,612.49853515625,297.087158203125,119.307861328125,276.8790588378906,387.4847106933594
2023-03-31,162.3955841064453,103.29000091552734,619.9852294921875,302.6099853515625,120.75346374511719,281.0218200683594,392.9461975097656
2023-04-03,163.64627075195312,102.41000366210938,617.4741821289062,302.0641784667969,120.61447143554688,279.9788513183594,394.4433898925781
2023-04-04,163.11447143554688,103.94999694824219,610.7102661132812,298.4839782714844,119.00205993652344,279.9300842285156,392.25506591796875
2023-04-05,161.27288818359375,101.0999984741211,607.86572265625,297.4479675292969,119.17949676513672,277.16168212890625,391.22802734375
2023-04-06,162.1592254638672,102.05999755859375,608.1992797851562,298.2528076171875,119.04875946044922,284.23846435546875,392.75421142578125
2023-04-10,159.56915283203125,102.16999816894531,611.3681640625,300.6210632324219,119.4410171508789,282.0843200683594,393.1572265625
2023-04-11,158.35784912109375,99.91999816894531,620.5040893554688,302.85052490234375,120.02938842773438,275.6898498535156,393.26287841796875
2023-04-12,157.66848754882812,97.83000183105469,617.0665283203125,305.50555419921875,120.01071166992188,276.3331604003906,391.6599426269531
2023-04-13,163.04554748535156,102.4000015258789,621.4769897460938,307.2539978027344,120.46834564208984,282.5228576660156,396.8621826171875
2023-04-14,162.7008514404297,102.51000213623047,640.5643310546875,311.68524169921875,129.56484985351562,278.9163818359375,395.8927917480469
2023-04-17,162.7205352783203,102.73999786376953,647.0779418945312,314.2384948730469,130.59222412109375,281.5091552734375,397.3133544921875
2023-04-18,163.94174194335938,102.30000305175781,643.06591796875,308.900634765625,132.05848693847656,281.0899963378906,397.572509765625
2023-04-19,165.08413696289062,104.30000305175781,644.187255859375,311.6575012207031,131.890380859375,281.16802978515625,397.50531005859375
2023-04-20,164.11898803710938,103.80999755859375,645.2433471679688,313.34112548828125,131.50747680664062,278.8870849609375,395.3360900878906
2023-04-21,162.5137481689453,106.95999908447266,630.9371948242188,316.07025146484375,131.25526428222656,278.5459289550781,395.6432189941406
2023-04-24,162.81903076171875,106.20999908447266,624.6828002929688,318.19793701171875,131.43275451660156,274.6566162109375,396.0559997558594
2023-04-25,161.28273010253906,102.56999969482422,611.2662353515625,314.05352783203125,128.5749053955078,268.4668884277344,389.7690734863281
2023-04-26,161.27288818359375,104.9800033569336,602.8899536132812,311.3522644042969,126.29607391357422,287.91326904296875,388.1181335449219
2023-04-27,165.85226440429688,109.81999969482422,614.0181274414062,316.0147705078125,127.99586486816406,297.1344299316406,395.8448486328125
2023-04-28,167.10296630859375,105.44999694824219,621.9124145507812,317.7169494628906,129.10723876953125,299.5031433105469,399.2234191894531
2023-05-01,167.0143280029297,102.05000305175781,614.2868041992188,315.0618896484375,131.8717041015625,297.84600830078125,398.8203125
2023-05-02,165.9803009033203,103.62999725341797,603.6220092773438,308.4011535644531,129.7423095703125,297.6997985839844,394.3378601074219
2023-05-03,164.90682983398438,103.6500015258789,595.2366333007812,304.03466796875,126.99653625488281,296.7153015136719,391.6311950683594
2023-05-04,163.27203369140625,104.0,585.2760620117188,297.19818115234375,125.25944519042969,297.6997985839844,388.8572692871094
2023-05-05,170.9339141845703,105.66000366210938,597.1546020507812,302.5267639160156,127.70635223388672,302.8075256347656,396.0559997558594
2023-05-08,170.8649444580078,105.83000183105469,595.9129638671875,302.054931640625,128.0145263671875,300.8580017089844,396.16156005859375
2023-05-09,169.1612548828125,106.62000274658203,588.8988037109375,300.44525146484375,127.39813232421875,299.2496337890625,394.4242248535156
2023-05-10,170.92405700683594,110.19000244140625,582.9780883789062,298.3915710449219,127.46351623535156,304.42559814453125,396.2671203613281
2023-05-11,171.11117553710938,112.18000030517578,594.8751831054688,296.6985778808594,127.06195831298828,302.2811584472656,395.5760803222656
2023-05-12,170.1841583251953,110.26000213623047,597.7290649414062,295.5699462890625,125.2407455444336,301.169921875,395.0577087402344
2023-05-15,169.69107055664062,111.19999694824219,597.4047241210938,297.9474792480469,126.29607391357422,301.6476135253906,396.4207458496094
2023-05-16,169.69107055664062,113.4000015258789,587.2866821289062,296.7818908691406,125.44622802734375,303.8700256347656,393.7716064453125
2023-05-17,170.30247497558594,115.5,602.8622436523438,305.4500732421875,129.3033905029297,306.7420654296875,398.5515441894531
2023-05-18,172.62986755371094,118.1500015258789,620.1798095703125,304.8950500488281,130.2839813232422,311.1575622558594,402.3908996582031
2023-05-19,172.7383575439453,116.25,617.7429809570312,301.721923828125,129.9851531982422,310.9817199707031,401.8053894042969
2023-05-22,171.79159545898438,115.01000213623047,622.0885620117188,300.58404541015625,128.9111328125,313.75616455078125,401.9685974121094
2023-05-23,169.18809509277344,114.98999786376953,612.95263671875,299.335205078125,127.56624603271484,307.97296142578125,397.45733642578125
2023-05-24,169.4642333984375,116.75,606.9019165039062,295.8568115234375,126.39884948730469,306.5955505371094,394.57781982421875
2023-05-25,170.59837341308594,115.0,612.0167846679688,299.6219482421875,126.70703887939453,318.3865661621094,397.994873046875
2023-05-26,173.00460815429688,120.11000061035156,622.9317016601562,307.1430358886719,127.89313507080078,325.1954650878906,403.149169921875
2023-05-30,174.84877014160156,121.66000366210938,624.11767578125,306.0513610839844,128.37879943847656,323.55426025390625,403.3027038574219
2023-05-31,174.79945373535156,120.58000183105469,609.2647705078125,301.9219665527344,126.7444076538086,320.7994384765625,401.0663146972656
2023-06-01,177.60018920898438,122.7699966430664,619.7257690429688,294.9309387207031,128.49082946777344,324.8925476074219,404.8768615722656
2023-06-02,178.4483184814453,124.25,631.7896728515625,301.6889343261719,131.18994140625,327.6474609375,410.7318115234375
2023-06-05,177.0972137451172,125.30000305175781,626.8140258789062,299.9737854003906,129.90109252929688,328.1749267578125,409.9447937011719
2023-06-06,176.73236083984375,126.61000061035156,634.625,304.6252136230469,130.13458251953125,325.9671325683594,410.8373718261719
2023-06-07,175.361572265625,121.2300033569336,633.047607421875,312.9678955078125,131.39540100097656,315.90533447265625,409.4168701171875
2023-06-08,178.0735626220703,124.25,635.240966796875,312.70684814453125,131.43275451660156,317.7418212890625,411.8932800292969
2023-06-09,178.4581756591797,123.43000030517578,638.8065795898438,313.2195739746094,131.6942596435547,319.2364501953125,412.63226318359375
2023-06-12,181.2490234375,126.56999969482422,636.9210205078125,316.45416259765625,131.68492126464844,324.179443359375,416.37567138671875
2023-06-13,180.77566528320312,126.66000366210938,643.1840209960938,319.2598571777344,132.6375274658203,326.5630798339844,419.1207580566406
2023-06-14,181.40682983398438,126.41999816894531,646.3202514648438,315.45672607421875,132.14254760742188,329.54254150390625,419.619873046875
2023-06-15,183.43833923339844,127.11000061035156,663.8118286132812,316.68719482421875,133.63681030273438,340.0538330078125,424.8221435546875
2023-06-16,182.36341857910156,125.48999786376953,655.962158203125,315.35418701171875,133.7956085205078,334.41717529296875,423.3751525878906
2023-06-20,182.45216369628906,125.77999877929688,644.9202270507812,308.27923583984375,133.1138458251953,330.2361145019531,421.1785888671875
2023-06-21,181.41668701171875,124.83000183105469,643.1375122070312,303.0125427246094,132.91769409179688,325.8499450683594,419.0205993652344
2023-06-22,184.41464233398438,130.14999389648438,634.1210327148438,297.8951110839844,130.3587188720703,331.8577880859375,420.5331726074219
2023-06-23,184.0990753173828,129.3300018310547,635.1197509765625,293.3555603027344,129.6769561767578,327.27618408203125,417.3539123535156
2023-06-26,182.7085723876953,127.33000183105469,634.8583374023438,291.1650085449219,129.9945068359375,321.00457763671875,415.6487121582031
2023-06-27,185.45999145507812,129.17999267578125,639.0306396484375,292.1811218261719,130.00384521484375,326.8365783691406,420.20556640625
2023-06-28,186.633544921875,129.0399932861328,639.5718994140625,292.3768310546875,129.43411254882812,328.0870361328125,420.41754150390625
2023-06-29,186.9688262939453,127.9000015258789,642.36279296875,301.1669616699219,133.95437622070312,327.30548095703125,422.07452392578125
2023-06-30,191.28826904296875,130.36000061035156,645.0975952148438,300.654296875,135.83160400390625,332.6685791015625,427.0553283691406
2023-07-03,189.79916381835938,130.22000122070312,647.3750610351562,304.4480285644531,136.92428588867188,330.1775207519531,427.5467224121094
2023-07-05,188.68478393554688,130.3800048828125,646.6749877929688,298.33319091796875,136.0121307373047,330.3338317871094,426.91082763671875
2023-07-06,189.1581573486328,128.36000061035156,635.2877807617188,291.7615661621094,134.6674346923828,333.3817443847656,423.5678405761719
2023-07-07,188.0437774658203,129.77999877929688,638.5265502929688,293.7843933105469,135.73004150390625,329.42535400390625,422.4984130859375
2023-07-10,186.00242614746094,127.12999725341797,649.7924194335938,294.99615478515625,136.49169921875,324.159912109375,423.5678405761719
2023-07-11,185.479736328125,128.77999877929688,662.8878173828125,299.1069030761719,138.6262969970703,324.78515625,426.2653503417969
2023-07-12,187.1463623046875,130.8000030517578,677.6351928710938,304.2523193359375,139.31275939941406,329.4058837890625,429.695068359375
2023-07-13,187.90567016601562,134.3000030517578,690.515869140625,306.37762451171875,139.98980712890625,334.7396545410156,433.1054382324219
2023-07-14,188.05361938476562,134.67999267578125,679.5299682617188,304.05657958984375,140.83616638183594,337.25994873046875,432.8357238769531
2023-07-17,191.3080291748047,133.55999755859375,679.380615234375,304.998046875,144.23081970214844,337.7386779785156,434.3385925292969
2023-07-18,191.05162048339844,132.8300018310547,689.7037353515625,314.38470458984375,144.4940948486328,351.18060302734375,437.5660095214844
2023-07-19,192.40267944335938,135.36000061035156,697.5162353515625,317.4421691894531,145.0489044189453,346.87249755859375,438.5390319824219
2023-07-20,190.4598846435547,129.9600067138672,700.8577880859375,327.0526123046875,146.83555603027344,338.852294921875,435.62957763671875
2023-07-21,189.28636169433594,130.0,701.1658325195312,328.0779724121094,145.70712280273438,335.823974609375,435.62957763671875
2023-07-24,190.0851593017578,128.8000030517578,706.1780395507812,334.5750427246094,148.57522583007812,337.1329650878906,437.57568359375
2023-07-25,190.943115234375,129.1300048828125,696.3216552734375,330.632080078125,147.46560668945312,342.8673400878906,438.770263671875
2023-07-26,191.81097412109375,128.14999389648438,693.652099609375,333.29803466796875,148.34951782226562,329.96258544921875,438.837646484375
2023-07-27,190.54864501953125,128.25,680.5007934570312,330.4549255371094,146.7133331298828,323.0755920410156,435.9281921386719
2023-07-28,193.12257385253906,132.2100067138672,689.1531982421875,329.26190185546875,147.55023193359375,330.548828125,440.1961669921875
2023-07-31,193.7340087890625,133.67999267578125,689.629150390625,331.7226867675781,148.53759765625,328.1553955078125,441.03424072265625
2023-08-01,192.90560913085938,131.69000244140625,683.4781494140625,333.4471130371094,147.8041229248047,328.5656433105469,439.77215576171875
2023-08-02,189.91749572753906,128.2100067138672,669.6455078125,327.2763366699219,146.13031005859375,319.92999267578125,433.654541015625
2023-08-03,188.52699279785156,128.91000366210938,662.8597412109375,329.1965637207031,147.02365112304688,319.10943603515625,432.4118347167969
2023-08-04,179.47393798828125,139.57000732421875,662.9624633789062,329.25244140625,146.7133331298828,320.20355224609375,430.4561462402344
2023-08-07,176.37734985351562,142.22000122070312,665.081298828125,331.4337158203125,147.4091796875,322.4796447753906,434.2133483886719
2023-08-08,177.314208984375,139.94000244140625,650.5485229492188,324.6290588378906,146.58168029785156,318.5134582519531,432.32513427734375
2023-08-09,175.72647094726562,137.85000610351562,645.9842529296875,319.43701171875,144.61636352539062,314.7818298339844,429.4349060058594
2023-08-10,175.50949096679688,138.55999755859375,650.5765380859375,317.3023376464844,144.40003967285156,315.4656677246094,429.5890808105469
2023-08-11,175.56874084472656,138.41000366210938,649.2697143554688,317.6099548339844,145.23695373535156,313.5900573730469,429.33856201171875
2023-08-14,177.21788024902344,140.57000732421875,646.7683715820312,314.8228759765625,145.53790283203125,316.5500183105469,431.70855712890625
2023-08-15,175.2329864501953,137.6699981689453,627.9979248046875,309.6680908203125,141.83290100097656,314.42034912109375,426.67962646484375
2023-08-16,174.36399841308594,135.07000732421875,627.4566040039062,306.7784729003906,141.23106384277344,313.6568298339844,423.548583984375
2023-08-17,171.82611083984375,133.97999572753906,629.099365234375,305.29632568359375,139.7641143798828,310.2109069824219,420.3211669921875
2023-08-18,172.3099822998047,133.22000122070312,625.5991821289062,302.8820495605469,140.08387756347656,309.8193359375,420.5235290527344
2023-08-21,173.64312744140625,134.67999267578125,626.8499145507812,300.206787109375,140.5634307861328,315.105712890625,423.25958251953125
2023-08-22,175.0157470703125,134.25,621.4829711914062,297.15875244140625,137.64834594726562,315.6734619140625,422.11309814453125
2023-08-23,178.8571319580078,135.52000427246094,633.5516967773438,300.4584655761719,138.57928466796875,320.1178283691406,426.8145446777344
2023-08-24,174.17636108398438,131.83999633789062,628.3153686523438,298.24932861328125,138.44764709472656,313.2358093261719,420.8992614746094
2023-08-25,176.37850952148438,133.25999450683594,630.9287719726562,298.4263916015625,138.2783660888672,316.18255615234375,423.8664245605469
2023-08-28,177.93878173828125,133.13999938964844,633.766357421875,303.8515319824219,138.75799560546875,316.8873596191406,426.55438232421875
2023-08-29,181.81967163085938,134.91000366210938,644.9948120117188,309.98504638671875,139.8863983154297,321.4981689453125,432.7201232910156
2023-08-30,185.30555725097656,135.07000732421875,649.4564819335938,308.8382873535156,139.32215881347656,321.8702392578125,434.5024108886719
2023-08-31,185.52279663085938,138.00999450683594,653.8713989257812,308.0205993652344,137.60133361816406,320.86187744140625,433.8665466308594
2023-09-01,187.0929412841797,138.1199951171875,659.1449584960938,307.7292175292969,138.06207275390625,321.74298095703125,434.67578125
2023-09-05,187.3299560546875,137.27000427246094,649.5684814453125,304.29852294921875,136.53871154785156,326.530029296875,432.79718017578125
2023-09-06,180.62478637695312,135.36000061035156,647.93505859375,301.8359069824219,136.3130645751953,325.8741455078125,429.8876647949219
2023-09-07,175.34161376953125,137.85000610351562,649.7024536132812,302.6160583496094,135.1470184326172,322.9666748046875,428.56787109375
2023-09-08,175.95384216308594,138.22999572753906,649.2888793945312,305.9621887207031,135.25045776367188,327.2348937988281,429.2133483886719
2023-09-11,177.119140625,143.10000610351562,654.2811279296875,305.1444396972656,135.84288024902344,330.8276672363281,432.03607177734375
2023-09-12,174.0973663330078,141.22999572753906,655.6066284179688,311.0189514160156,137.61074829101562,324.7874755859375,429.6661376953125
2023-09-13,172.03347778320312,144.85000610351562,655.5033569335938,314.853759765625,137.67657470703125,328.9872131347656,430.1671142578125
2023-09-14,173.5443572998047,144.72000122070312,664.5099487304688,323.86767578125,140.34713745117188,331.57171630859375,433.8761901855469
2023-09-15,172.823486328125,140.38999938964844,655.6724243164062,321.9595947265625,139.9333953857422,323.2701721191406,428.6487121582031
2023-09-18,175.7465057373047,139.97999572753906,653.3032836914062,322.6927490234375,140.22488403320312,322.1345520019531,428.9001159667969
2023-09-19,176.83274841308594,137.6300048828125,647.7281494140625,321.3486328125,140.04623413085938,321.733154296875,428.0105895996094
2023-09-20,173.2974853515625,135.2899932861328,642.5761108398438,316.470458984375,139.453857421875,314.01898193359375,424.0757751464844
2023-09-21,171.7569580078125,129.3300018310547,628.8029174804688,310.3985900878906,138.36302185058594,312.80511474609375,417.0664978027344
2023-09-22,172.606201171875,129.1199951171875,620.5953369140625,308.1898193359375,137.03709411621094,310.3381652832031,416.12872314453125
2023-09-25,173.880126953125,131.27000427246094,618.197998046875,309.08270263671875,137.7141571044922,310.85699462890625,417.8786315917969
2023-09-26,169.8115997314453,125.9800033569336,608.0160522460938,304.36431884765625,136.28485107421875,305.5706787109375,411.7394104003906
2023-09-27,168.3007049560547,125.9800033569336,604.8853759765625,302.606689453125,137.08412170410156,306.2070007324219,411.9037170410156
2023-09-28,168.5574493408203,125.9800033569336,606.6246948242188,305.661376953125,138.7861785888672,307.0390930175781,414.291748046875
2023-09-29,169.07095336914062,127.12000274658203,607.7998657226562,304.1293640136719,136.36947631835938,309.10467529296875,413.28631591796875
2023-10-02,171.57919311523438,129.4600067138672,604.556396484375,299.3639831542969,135.19403076171875,315.0273132324219,413.1219482421875
2023-10-03,170.24607849121094,124.72000122070312,588.037841796875,287.7277526855469,134.19728088378906,306.79437255859375,407.5918273925781
2023-10-04,171.4903564453125,127.0,598.4359130859375,290.0588073730469,134.79910278320312,312.2471008300781,410.55999755859375
2023-10-05,172.7247314453125,125.95999908447266,601.9802856445312,291.8446044921875,135.3674774169922,312.638671875,410.4053039550781
2023-10-06,175.27252197265625,127.95999908447266,609.4639892578125,293.7056884765625,137.45150756835938,320.3724670410156,415.2779541015625
2023-10-09,176.75376892089844,128.25999450683594,605.1016235351562,293.8278503417969,137.13890075683594,322.87860107421875,417.93658447265625
2023-10-10,176.16123962402344,129.47999572753906,603.53173828125,295.8580322265625,137.9725341796875,321.4786376953125,420.1119079589844
2023-10-11,177.5536651611328,131.8300018310547,604.2085571289062,294.21319580078125,138.44613647460938,325.4238586425781,421.8327941894531
2023-10-12,178.45225524902344,132.3300018310547,598.0973510742188,291.2336730957031,138.12405395507812,324.19036865234375,419.2611389160156
2023-10-13,176.61550903320312,129.7899932861328,590.0968627929688,290.71673583984375,140.19863891601562,320.8325500488281,417.1728210449219
2023-10-16,176.48715209960938,132.5500030517578,597.420654296875,295.5008850097656,140.05653381347656,325.63922119140625,421.5621032714844
2023-10-17,174.9367218017578,131.47000122070312,598.0316772460938,290.7730712890625,139.75340270996094,325.0714416503906,421.542724609375
2023-10-18,173.64312744140625,128.1300048828125,579.783203125,283.81768798828125,138.21881103515625,323.16241455078125,415.9256286621094
2023-10-19,173.2678680419922,128.39999389648438,585.2550048828125,281.214111328125,137.63150024414062,324.3470153808594,412.27117919921875
2023-10-20,170.72010803222656,125.16999816894531,578.0345458984375,282.0224914550781,135.41482543945312,319.79486083984375,407.2051086425781
2023-10-23,170.838623046875,126.55999755859375,577.9406127929688,281.2423095703125,133.56764221191406,322.38909912109375,406.4993896484375
2023-10-24,171.27310180664062,128.55999755859375,575.7405395507812,281.2047424316406,133.7286834716797,323.5735778808594,409.56414794921875
2023-10-25,168.9623260498047,121.38999938964844,572.2526245117188,278.9301452636719,132.99925231933594,333.5002746582031,403.68603515625
2023-10-26,164.80494689941406,119.56999969482422,570.7390747070312,279.146240234375,133.34027099609375,320.9892272949219,398.85198974609375
2023-10-27,166.11831665039062,127.73999786376953,562.2869873046875,272.49169921875,128.5375213623047,322.8687438964844,397.04412841796875
2023-10-30,168.16246032714844,132.7100067138672,570.7860717773438,282.7555847167969,130.17637634277344,330.2109069824219,401.7910461425781
2023-10-31,168.63645935058594,133.08999633789062,575.6372680664062,285.3685607910156,131.7299041748047,330.9940490722656,404.314453125
2023-11-01,171.79647827148438,137.0,579.33203125,288.7053527832031,131.6162109375,338.78656005859375,408.6263122558594
2023-11-02,175.3515167236328,138.07000732421875,605.9195556640625,294.90875244140625,133.96546936035156,340.9892578125,416.4573974609375
2023-11-03,174.44297790527344,138.60000610351562,618.5926513671875,307.9360046386719,135.4622039794922,345.3749084472656,420.2569885253906
2023-11-06,176.99073791503906,139.74000549316406,614.1271362304688,304.4489440917969,136.48529052734375,349.0263977050781,421.2237243652344
2023-11-07,179.54840087890625,142.7100067138672,609.7742309570312,304.48651123046875,136.41896057128906,352.94219970703125,422.4225769042969
2023-11-08,180.6050567626953,142.0800018310547,615.7536010742188,305.05987548828125,137.09153747558594,355.5559997558594,422.7319641113281
2023-11-09,180.1310272216797,140.60000610351562,612.8109130859375,301.5069885253906,136.6842041015625,353.098876953125,419.4351501464844
2023-11-10,184.3136749267578,143.55999755859375,625.2021484375,305.95281982421875,138.7113800048828,361.8898620605469,425.98028564453125
2023-11-13,182.73159790039062,142.58999633789062,621.8646240234375,307.2686767578125,138.09564208984375,358.96282958984375,425.5742492675781
2023-11-14,185.34202575683594,145.8000030517578,655.6160278320312,318.3691101074219,140.61546325683594,362.4772033691406,433.8307189941406
2023-11-15,185.90565490722656,143.1999969482422,666.4185180664062,317.3163757324219,141.84693908691406,362.6243591308594,434.74920654296875
2023-11-16,187.58663940429688,142.8300018310547,672.1157836914062,316.4422302246094,143.46678161621094,369.00048828125,435.2809143066406
2023-11-17,187.56686401367188,145.17999267578125,673.95849609375,318.8108215332031,144.76458740234375,362.80096435546875,435.8223571777344
2023-11-20,189.30714416503906,146.1300048828125,677.7754516601562,319.0552673339844,145.20977783203125,370.24627685546875,439.1771545410156
2023-11-21,188.5062255859375,143.89999389648438,681.2730102539062,314.8444519042969,144.90664672851562,365.9595947265625,438.2200012207031
2023-11-22,189.16871643066406,146.7100067138672,683.623291015625,318.2939453125,145.24771118164062,370.6484375,439.9118957519531
2023-11-24,187.84371948242188,146.74000549316406,686.4061889648438,318.7732849121094,145.44659423828125,370.2364807128906,440.1826171875
2023-11-27,187.6657257080078,147.72999572753906,686.9513549804688,317.4197692871094,145.11505126953125,371.3940124511719,439.3898620605469
2023-11-28,188.26890563964844,147.02999877929688,692.6676025390625,317.3633728027344,145.44659423828125,375.40606689453125,439.8248291015625
2023-11-29,187.25042724609375,146.32000732421875,702.5768432617188,322.4427185058594,146.18548583984375,371.6294250488281,439.5155334472656
2023-11-30,187.823974609375,146.08999633789062,706.271484375,323.65570068359375,147.8527069091797,371.68829345703125,441.2460632324219
2023-12-01,189.0994873046875,147.02999877929688,711.085205078125,330.1849060058594,148.5726776123047,367.37213134765625,443.8564147949219
2023-12-04,187.30975341796875,144.83999633789062,711.160400390625,331.09466552734375,149.6620330810547,362.1044616699219,441.52642822265625
2023-12-05,191.25509643554688,146.8800048828125,709.157958984375,323.854736328125,149.6431121826172,365.4200439453125,441.43939208984375
2023-12-06,190.16741943359375,144.52000427246094,703.2615356445312,324.06317138671875,148.0706024169922,361.7709655761719,439.66058349609375
2023-12-07,192.09559631347656,146.8800048828125,705.5045776367188,326.5744323730469,148.52529907226562,363.8800048828125,443.0153503417969
2023-12-08,193.5194854736328,147.4199981689453,704.8325805664062,332.459228515625,150.1641082763672,367.09747314453125,444.9198913574219
2023-12-11,191.01779174804688,145.88999938964844,712.1011352539062,333.3406066894531,150.7135467529297,364.2232971191406,446.65045166015625
2023-12-12,192.53067016601562,147.47999572753906,718.612548828125,334.14599609375,152.05870056152344,367.2445983886719,448.6904296875
2023-12-13,195.7443084716797,148.83999633789062,731.9951782226562,343.7361145019531,152.57022094726562,367.2348327636719,454.8778991699219
2023-12-14,195.89260864257812,147.4199981689453,763.8895263671875,363.3901062011719,155.34579467773438,358.95562744140625,456.3377685546875
2023-12-15,195.35867309570312,149.97000122070312,775.123779296875,360.58514404296875,156.52040100097656,363.6642150878906,455.58642578125
2023-12-18,193.69749450683594,154.07000732421875,753.772216796875,356.6903076171875,157.4676971435547,365.5475769042969,458.149169921875
2023-12-19,194.73570251464844,153.7899932861328,758.44775390625,362.4235534667969,159.5706787109375,366.1459655761719,460.93505859375
2023-12-20,192.64935302734375,152.1199951171875,746.9486694335938,357.75164794921875,157.77084350585938,363.5562744140625,454.5477600097656
2023-12-21,192.5009765625,153.83999633789062,756.2899780273438,360.64190673828125,158.67076110839844,366.4206237792969,458.85772705078125
2023-12-22,191.43310546875,153.4199981689453,759.4320678710938,360.7177734375,158.57603454589844,367.4407653808594,459.77996826171875
2023-12-26,190.88925170898438,153.41000366210938,763.3975219726562,361.62750244140625,159.51385498046875,367.519287109375,461.7213439941406
2023-12-27,190.9881134033203,153.33999633789062,769.681884765625,364.34716796875,160.47059631347656,366.9405517578125,462.55621337890625
2023-12-28,191.41331481933594,153.3800048828125,770.7796020507812,366.1761779785156,161.32318115234375,368.1274719238281,462.7309265136719
2023-12-29,190.37506103515625,151.94000244140625,768.3094482421875,365.56964111328125,161.1337127685547,368.87298583984375,461.3913269042969
2024-01-02,183.56219482421875,149.92999267578125,757.4256591796875,367.9671936035156,163.00933837890625,363.8014831542969,458.8092346191406
2024-01-03,182.187744140625,148.47000122070312,742.140869140625,361.798095703125,162.29885864257812,363.5366516113281,455.062255859375
2024-01-04,179.87396240234375,144.57000732421875,743.8442993164062,362.8973083496094,163.37591552734375,360.9273376464844,453.5964660644531
2024-01-05,179.152099609375,145.24000549316406,740.8914794921875,366.2045593261719,164.19557189941406,360.7409973144531,454.2177429199219
2024-01-08,183.4830780029297,149.10000610351562,754.4822387695312,368.4977722167969,163.95733642578125,367.5486755371094,460.7021484375
2024-01-09,183.06777954101562,151.3699951171875,751.9552001953125,363.6459655761719,162.6610870361328,368.6277160644531,460.0032043457031
2024-01-10,184.10604858398438,153.72999572753906,749.910888671875,361.95916748046875,163.00418090820312,375.4747009277344,462.6047058105469
2024-01-11,183.5127410888672,155.17999267578125,750.1476440429688,359.86492919921875,162.31793212890625,377.29925537109375,462.4009094238281
2024-01-12,183.8390655517578,154.6199951171875,756.7630004882812,357.9696350097656,161.1265411376953,381.0660400390625,462.7212219238281
2024-01-16,181.57470703125,153.16000366210938,748.9833984375,360.5282287597656,160.1162109375,382.8317565917969,461.0224609375
2024-01-17,180.6353302001953,151.7100067138672,745.2451782226562,357.4294738769531,159.2583770751953,382.0470275878906,458.459716796875
2024-01-18,186.5187225341797,153.5,752.6555786132812,357.1735534667969,159.57290649414062,386.3631591796875,462.5367431640625
2024-01-19,189.41590881347656,155.33999633789062,762.2902221679688,362.1866455078125,162.3274688720703,391.07171630859375,468.3028259277344
2024-01-22,191.7198486328125,154.77999877929688,751.4820556640625,365.7497253417969,162.1368408203125,388.9528503417969,469.29296875
2024-01-23,192.9954376220703,156.02000427246094,750.1002807617188,360.8314514160156,161.0693359375,391.29730224609375,470.6616516113281
2024-01-24,192.32302856445312,156.8699951171875,743.655029296875,359.5332336425781,162.5085906982422,394.8875427246094,471.1761169433594
2024-01-25,191.9967041015625,157.75,748.1126708984375,362.66046142578125,164.8341827392578,397.1534729003906,473.7388916015625
2024-01-26,190.2663116455078,159.1199951171875,745.1220092773438,358.0074768066406,164.2051239013672,396.23138427734375,473.13702392578125
2024-01-29,189.5840301513672,161.25999450683594,746.4469604492188,360.6324462890625,164.634033203125,401.91107177734375,476.8839111328125
2024-01-30,185.93533325195312,159.0,739.8504028320312,366.612060546875,168.0081329345703,400.8025817871094,476.51507568359375
2024-01-31,182.33607482910156,155.1999969482422,732.8279418945312,363.90179443359375,166.18765258789062,390.0023498535156,468.7396545410156
2024-02-01,184.76853942871094,159.27999877929688,742.8790283203125,363.750244140625,165.587158203125,396.0842590332031,474.8746032714844
2024-02-02,183.76983642578125,171.80999755859375,745.7846069335938,367.5501708984375,166.54029846191406,403.38250732421875,479.873779296875
2024-02-05,185.57933044433594,170.30999755859375,741.2133178710938,362.96368408203125,166.3210906982422,397.91864013671875,478.1264953613281
2024-02-06,187.1812286376953,169.14999389648438,745.7655639648438,364.83050537109375,166.89297485351562,397.7616882324219,479.5146179199219
2024-02-07,187.29000854492188,170.52999877929688,752.1256103515625,366.4130554199219,167.20750427246094,406.1585388183594,483.5139465332031
2024-02-08,186.21218872070312,169.83999633789062,750.7059326171875,364.8778991699219,166.60704040527344,406.21734619140625,483.72747802734375
2024-02-09,186.97454833984375,174.4499969482422,754.5010375976562,364.13873291015625,166.8071746826172,412.53460693359375,486.5231628417969
2024-02-12,185.2914276123047,172.33999633789062,758.8074340820312,372.0799560546875,167.55062866210938,407.345458984375,486.3096008300781
2024-02-13,183.20237731933594,168.63999938964844,736.3865966796875,358.9172668457031,166.09231567382812,398.5758056640625,479.6116943359375
2024-02-14,182.32122802734375,170.97999572753906,743.3238525390625,358.2444152832031,167.77935791015625,402.4282531738281,483.9701843261719
2024-02-15,182.03408813476562,169.8000030517578,755.296142578125,365.2380065917969,171.43939208984375,399.54876708984375,487.3094787597656
2024-02-16,180.49948120117188,169.50999450683594,751.4630737304688,364.309326171875,170.63876342773438,397.0919189453125,484.8826904296875
2024-02-20,179.75694274902344,167.0800018310547,755.3529663085938,364.38507080078125,171.30593872070312,395.8437805175781,482.21319580078125
2024-02-21,180.5093994140625,168.58999633789062,762.2996215820312,367.938720703125,172.421142578125,395.24432373046875,482.6499938964844
2024-02-22,182.53903198242188,174.5800018310547,769.8616943359375,370.0235290527344,174.48941040039062,404.551025390625,492.6387023925781
2024-02-23,180.70741271972656,174.99000549316406,770.0036010742188,370.57318115234375,175.36630249023438,403.2635498046875,492.9784240722656
2024-02-26,179.3609161376953,174.72999572753906,762.8486328125,369.78662109375,174.7657928466797,400.51190185546875,491.1729431152344
2024-02-27,180.8163299560547,173.5399932861328,757.6526489257812,370.3457336425781,174.85159301757812,400.4529113769531,492.0853576660156
2024-02-28,179.6183319091797,173.16000366210938,766.2841186523438,375.2320556640625,175.7379913330078,400.68878173828125,491.43499755859375
2024-02-29,178.95498657226562,176.75999450683594,767.874267578125,371.29052734375,177.33924865722656,406.5067138671875,493.2016906738281
2024-03-01,177.8758087158203,178.22000122070312,771.1773071289062,370.3839416503906,176.60536193847656,408.3346252441406,497.83203125
2024-03-04,173.36111450195312,177.5800018310547,789.7649536132812,374.344482421875,177.93017578125,407.7646484375,497.2981262207031
2024-03-05,168.43052673339844,174.1199951171875,782.6383666992188,373.065673828125,179.71253967285156,395.70623779296875,492.32806396484375
2024-03-06,167.4404754638672,173.50999450683594,790.7901000976562,371.78680419921875,180.6466064453125,395.15582275390625,494.8227844238281
2024-03-07,167.32167053222656,176.82000732421875,792.0281372070312,370.6988525390625,179.06443786621094,402.08428955078125,499.7346496582031
2024-03-08,169.0345001220703,175.35000610351562,796.2371826171875,369.3245849609375,179.39797973632812,399.2146301269531,496.735107421875
2024-03-11,171.03443908691406,171.9600067138672,785.800048828125,368.532470703125,179.46473693847656,397.5439758300781,496.3080139160156
2024-03-12,171.50965881347656,175.38999938964844,790.0187377929688,370.46026611328125,180.94207763671875,408.1183776855469,501.64697265625
2024-03-13,169.43052673339844,176.55999755859375,786.5904541015625,374.4017639160156,182.40992736816406,407.9414978027344,500.8606872558594
2024-03-14,171.28195190429688,178.75,770.2203979492188,370.8706359863281,179.1597442626953,417.8869323730469,499.8704833984375
2024-03-15,170.9057159423828,174.4199981689453,764.2400512695312,369.5345458984375,181.38052368164062,409.2387390136719,496.4381103515625
2024-03-18,171.99481201171875,174.47999572753906,762.0782470703125,366.82421875,183.62991333007812,410.1231689453125,499.3885498046875
2024-03-19,174.3313751220703,175.89999389648438,764.0303955078125,370.9184265136719,184.70693969726562,414.1427001953125,502.1636962890625
2024-03-20,176.89564514160156,178.14999389648438,778.8768310546875,378.371826171875,187.1278839111328,417.8968200683594,506.808349609375
2024-03-21,169.66812133789062,178.14999389648438,801.8938598632812,394.8248596191406,189.7299346923828,421.9654541015625,508.483154296875
2024-03-22,170.56910705566406,178.8699951171875,785.4857177734375,388.2493896484375,187.40431213378906,421.3463134765625,507.5191955566406
2024-03-25,169.15328979492188,179.7100067138672,777.2769775390625,386.4552307128906,185.68869018554688,415.56768798828125,506.1170654296875
2024-03-26,168.0246124267578,178.3000030517578,781.0765380859375,387.63861083984375,186.5560302734375,414.3785400390625,505.1822509765625
2024-03-27,171.58888244628906,179.8300018310547,795.2848510742188,396.2945861816406,190.1683807373047,414.162353515625,509.4277038574219
2024-03-28,169.77703857421875,180.3800048828125,793.9326782226562,398.6231994628906,190.91184997558594,413.464599609375,509.3304138183594
2024-04-01,168.34144592285156,180.97000122070312,787.333251953125,394.634033203125,189.61558532714844,417.2481689453125,508.4442443847656
2024-04-02,167.1632537841797,180.69000244140625,777.6388549804688,391.4273986816406,189.53933715820312,414.1721496582031,505.2115173339844
2024-04-03,167.9652099609375,182.41000366210938,775.9342041015625,395.10162353515625,189.00558471679688,413.19927978515625,505.7664489746094
2024-04-04,167.14346313476562,180.0,754.3075561523438,387.7054443359375,187.56753540039062,410.6736145019531,499.5930480957031
2024-04-05,167.89590454101562,185.07000732421875,759.5166625976562,389.4423522949219,189.2931671142578,418.18182373046875,504.8121643066406
2024-04-08,166.77713012695312,185.19000244140625,765.0017700195312,391.7995910644531,190.28060913085938,417.267822265625,505.0946044921875
2024-04-09,167.9850311279297,185.6699981689453,765.55419921875,391.9617919921875,189.00555419921875,418.9287109375,505.67889404296875
2024-04-10,166.11378479003906,185.9499969482422,746.27001953125,382.4660339355469,187.39495849609375,415.96075439453125,500.6153869628906
2024-04-11,173.3016815185547,189.0500030517578,748.4698486328125,379.33575439453125,187.35658264160156,420.5502624511719,504.39349365234375
2024-04-12,174.79669189453125,186.1300048828125,726.9859619140625,371.71044921875,175.23878479003906,414.6242370605469,497.43133544921875
2024-04-15,170.97500610351562,183.6199951171875,726.595458984375,382.5805358886719,175.33465576171875,406.5067138671875,491.199462890625
2024-04-16,167.69790649414062,183.32000732421875,713.9108276367188,378.74407958984375,173.33099365234375,407.4305114746094,490.3035888671875
2024-04-17,166.3315887451172,181.27999877929688,717.8343505859375,385.4722595214844,172.64073181152344,404.7377624511719,487.4018249511719
2024-04-18,165.38111877441406,179.22000122070312,711.6539916992188,384.708740234375,173.76239013671875,397.2982482910156,486.3989562988281
2024-04-19,163.3614044189453,174.6300048828125,714.2061157226562,385.5581359863281,178.12445068359375,392.237060546875,482.1534729003906
2024-04-22,164.19305419921875,177.22999572753906,723.8528442382812,398.2987365722656,181.58529663085938,394.0453796386719,486.5936584472656
2024-04-23,165.2425079345703,179.5399932861328,730.0523681640625,404.6451721191406,184.20252990722656,400.5413818359375,492.367919921875
2024-04-24,167.34149169921875,176.58999633789062,726.4144897460938,403.72900390625,185.1036834716797,402.00567626953125,492.1342468261719
2024-04-25,168.20286560058594,173.6699981689453,721.5101928710938,400.87548828125,185.3817138671875,392.158447265625,490.2646484375
2024-04-26,167.6186981201172,179.6199951171875,726.4907836914062,408.05218505859375,185.49676513671875,399.3128967285156,494.90936279296875
2024-04-29,171.77696228027344,180.9600067138672,724.9671630859375,411.144287109375,185.29544067382812,395.3131408691406,496.66204833984375
2024-04-30,168.63845825195312,175.0,718.6438598632812,407.2314453125,183.81907653808594,382.61590576171875,488.79437255859375
2024-05-01,167.6186981201172,179.0,715.729736328125,407.46051025390625,183.93409729003906,388.1291809082031,487.2071533203125
2024-05-02,171.31167602539062,184.72000122070312,720.8912963867188,412.8239440917969,183.7423553466797,390.9791564941406,491.7641906738281
2024-05-03,181.5588836669922,186.2100067138672,727.4716796875,418.1778564453125,182.63987731933594,399.64703369140625,497.85980224609375
2024-05-06,179.9054412841797,188.6999969482422,737.6898803710938,423.4172668457031,184.06829833984375,406.408447265625,503.0011291503906
2024-05-07,180.5885772705078,188.75999450683594,743.670166015625,423.541259765625,183.82864379882812,402.2807922363281,503.55615234375
2024-05-08,180.9252471923828,188.0,741.2039184570312,426.5475158691406,187.56753540039062,403.4601745605469,503.6047668457031
2024-05-09,182.73704528808594,189.5,751.4886474609375,434.7644958496094,189.34112548828125,405.20947265625,506.5064392089844
2024-05-10,181.4779815673828,187.47999572753906,758.6689453125,433.9723815917969,190.55865478515625,407.5876770019531,507.1589050292969
2024-05-13,184.6802215576172,186.57000732421875,752.6314697265625,432.85577392578125,190.52029418945312,406.58526611328125,507.22705078125
2024-05-14,185.82032775878906,187.07000732421875,764.6590576171875,437.5416259765625,193.1854248046875,409.3763427734375,509.5542907714844
2024-05-15,188.09066772460938,185.99000549316406,776.791259765625,444.8138427734375,193.7606658935547,416.5338439941406,515.8641967773438
2024-05-16,188.2096405029297,183.6300048828125,769.1824340820312,443.3155212402344,194.1057891845703,414.4761657714844,514.8027954101562
2024-05-17,188.2393798828125,184.6999969482422,773.4772338867188,446.3694152832031,196.32992553710938,413.7082214355469,515.5426635742188
2024-05-20,189.3993377685547,183.5399932861328,766.7825927734375,441.8076171875,187.5004425048828,418.7588806152344,516.1367797851562
2024-05-21,190.69808959960938,183.14999389648438,766.5349731445312,448.93670654296875,191.2776641845703,422.40167236328125,517.4025268554688
2024-05-22,189.26052856445312,183.1300048828125,761.46875,441.273193359375,190.1176300048828,423.8586730957031,515.912841796875
2024-05-23,185.2750701904297,181.0500030517578,747.1271362304688,437.2362365722656,188.78504943847656,420.3931884765625,512.1444702148438
2024-05-24,188.34841918945312,180.75,744.6034545898438,440.1279602050781,192.41848754882812,423.50433349609375,515.5330810546875
2024-05-28,188.35836791992188,182.14999389648438,734.6138305664062,438.82049560546875,191.25848388671875,423.6618347167969,515.8932495117188
2024-05-29,188.65579223632812,182.02000427246094,720.4912109375,436.301025390625,189.9259033203125,422.5296325683594,512.2806396484375
2024-05-30,189.64718627929688,179.32000732421875,725.5194091796875,432.278076171875,191.0955047607422,408.25396728515625,508.8824462890625
2024-05-31,190.59896850585938,176.44000244140625,735.2042846679688,438.31719970703125,194.25917053222656,408.70684814453125,513.517333984375
2024-06-03,192.3636474609375,178.33999633789062,740.2894897460938,436.8387145996094,193.482666015625,407.12176513671875,513.9360961914062
2024-06-04,192.68089294433594,179.33999633789062,747.831787109375,437.1458740234375,190.93252563476562,409.6322937011719,514.5106201171875
2024-06-05,194.18785095214844,181.27999877929688,751.2506713867188,443.271484375,189.11099243164062,417.4494323730469,520.6256713867188
2024-06-06,192.80978393554688,185.0,741.3942260742188,439.8342590332031,188.77548217773438,417.9515686035156,520.6158447265625
2024-06-07,195.1990966796875,184.3000030517578,736.8505859375,436.771484375,191.6898651123047,417.2919616699219,519.9829711914062
2024-06-10,191.46145629882812,187.05999755859375,734.4349365234375,435.4656677246094,191.36392211914062,421.2497253417969,521.5895385742188
2024-06-11,205.3709716796875,187.22999572753906,726.248779296875,426.5556945800781,186.3308563232422,425.9853210449219,522.8458251953125
2024-06-12,211.24014282226562,186.88999938964844,738.2117309570312,430.8091125488281,183.61773681640625,434.23565673828125,527.1400146484375
2024-06-13,212.4001007080078,183.8300018310547,737.828369140625,428.55279541015625,185.6597442626953,434.74761962890625,528.2012939453125
2024-06-14,210.66513061523438,183.66000366210938,737.4639892578125,428.6583557128906,185.7747802734375,435.72222900390625,528.5225830078125
2024-06-17,214.80923461914062,184.05999755859375,748.7274780273438,432.2300720214844,186.92520141601562,441.43255615234375,532.7291259765625
2024-06-18,212.44964599609375,182.80999755859375,751.19091796875,439.1909484863281,188.86175537109375,439.4339904785156,534.0825805664062
2024-06-20,207.87924194335938,186.10000610351562,750.4049682617188,439.7862243652344,190.46275329589844,438.8038635253906,532.6317138671875
2024-06-21,205.70806884765625,189.0800018310547,754.9773559570312,432.2300720214844,188.19068908691406,442.8207092285156,531.9176635742188
2024-06-24,206.35247802734375,185.57000732421875,765.857177734375,443.66522216796875,190.66407775878906,440.743408203125,530.1885986328125
2024-06-25,207.27450561523438,186.33999633789062,761.486083984375,439.1429748535156,189.88754272460938,443.9726257324219,532.2302856445312
2024-06-26,211.4185791015625,193.61000061035156,754.8335571289062,437.6835632324219,189.27398681640625,445.1639099121094,532.8945922851562
2024-06-27,212.26129150390625,197.85000610351562,748.7752075195312,428.1783752441406,190.94210815429688,445.8432312011719,533.734619140625
2024-06-28,208.81118774414062,193.25,754.7089233398438,434.2847595214844,193.9044647216797,440.0345153808594,531.6343383789062
2024-07-01,214.88853454589844,197.1999969482422,749.8681030273438,445.1725769042969,196.96267700195312,449.6632080078125,532.728515625
2024-07-02,218.37831115722656,200.0,756.4439697265625,447.0447692871094,200.20303344726562,452.1736755371094,536.3136596679688
2024-07-03,219.6473388671875,197.58999633789062,756.4343872070312,449.2627258300781,200.06884765625,453.6406555175781,538.7069702148438
2024-07-05,224.39617919921875,200.0,757.8529052734375,446.2191467285156,197.41781616210938,460.3255920410156,541.8134765625
2024-07-08,225.86346435546875,199.2899932861328,757.4600219726562,446.2863464355469,197.78416442871094,459.02606201171875,542.4385986328125
2024-07-09,226.716064453125,199.33999633789062,769.04931640625,453.9769592285156,200.15560913085938,452.42974853515625,542.9661865234375
2024-07-10,230.97915649414062,199.7899932861328,778.3666381835938,459.7953186035156,200.31948852539062,459.0358581542969,548.3389892578125
2024-07-11,225.6156005859375,195.0500030517578,790.7035522460938,460.12176513671875,199.9820556640625,447.6646423339844,543.61083984375
2024-07-12,228.56011962890625,194.49000549316406,793.6751708984375,460.7458190917969,197.5624237060547,446.5323486328125,547.0396728515625
2024-07-15,232.386962890625,192.72000122070312,788.8727416992188,472.6034240722656,202.4884796142578,446.9360656738281,548.544189453125
2024-07-16,232.80335998535156,193.02000427246094,808.983642578125,482.9631652832031,205.92996215820312,442.5647888183594,551.7970581054688
2024-07-17,226.91436767578125,187.92999267578125,806.2517700195312,482.1566467285156,209.06295776367188,436.6575622558594,544.0602416992188
2024-07-18,222.2546844482422,183.75,794.6625366210938,466.82342529296875,202.42098999023438,433.55633544921875,539.879150390625
2024-07-19,222.38363647460938,183.1300048828125,796.2921752929688,465.5944519042969,202.22817993164062,430.3467712402344,536.2940063476562
2024-07-22,222.03662109375,182.5500030517578,808.3126831054688,467.620361328125,202.71018981933594,436.0865478515625,541.8231811523438
2024-07-23,223.07760620117188,186.41000366210938,809.7025756835938,472.526611328125,202.75839233398438,437.967041015625,540.9733276367188
2024-07-24,216.66317749023438,180.8300018310547,793.3684692382812,467.2939453125,201.08103942871094,422.2637939453125,528.7134399414062
2024-07-25,215.62217712402344,179.85000610351562,801.8901977539062,472.1041259765625,201.1581573486328,411.9263000488281,525.9586791992188
2024-07-26,216.08815002441406,182.5,820.7359619140625,479.13226318359375,204.59963989257812,418.6899719238281,531.8492431640625
2024-07-29,216.36575317382812,183.1999969482422,826.4395751953125,473.0738220214844,203.2596893310547,420.12738037109375,532.161865234375
2024-07-30,216.92092895507812,181.7100067138672,836.4470825195312,485.5075378417969,207.4434356689453,416.3763732910156,529.4658203125
2024-07-31,220.17274475097656,186.97999572753906,840.1950073242188,488.7335510253906,205.13946533203125,411.8770446777344,538.0719604492188
2024-08-01,216.4846954345703,184.07000732421875,829.5068359375,480.1788024902344,200.47372436523438,410.6562194824219,530.4523315429688
2024-08-02,217.97183227539062,167.89999389648438,810.9775390625,451.8742980957031,191.97122192382812,402.1695861816406,520.576171875
2024-08-05,207.47276306152344,161.02000427246094,796.3496704101562,440.7175598144531,187.8838653564453,389.0360107421875,505.4150390625
2024-08-06,205.45028686523438,161.92999267578125,806.1271362304688,451.4709777832031,193.12803649902344,393.427001953125,510.07476806640625
2024-08-07,208.01805114746094,162.77000427246094,805.0535888671875,454.1497497558594,193.18585205078125,392.2652893066406,506.6654968261719
2024-08-08,211.4781036376953,165.8000030517578,819.4227294921875,466.4010009765625,196.71409606933594,396.4593505859375,518.3782348632812
2024-08-09,214.38291931152344,166.94000244140625,820.7455444335938,470.7119445800781,198.3914794921875,399.73779296875,520.6641235351562
2024-08-12,215.91148376464844,166.8000030517578,803.5485229492188,466.14178466796875,198.76742553710938,400.5155944824219,520.9376831054688
2024-08-13,219.6236572265625,170.22999572753906,819.192626953125,472.324951171875,200.4544219970703,407.60418701171875,529.5048217773438
2024-08-14,220.07028198242188,170.10000610351562,822.001220703125,478.8154602050781,202.67161560058594,410.41009521484375,531.1752319335938
2024-08-15,223.04795837402344,177.58999633789062,835.9388427734375,479.1226806640625,203.9344940185547,415.2626953125,540.2797241210938
2024-08-16,224.36807250976562,177.05999755859375,836.3511352539062,484.1537170410156,206.26734924316406,412.7377624511719,541.4910888671875
2024-08-19,224.20925903320312,178.22000122070312,834.1656494140625,484.5569763183594,207.69406127929688,415.7558288574219,546.6683959960938
2024-08-20,224.8246307373047,178.8800048828125,825.308349609375,477.5096740722656,206.79757690429688,418.9810791015625,545.7794799804688
2024-08-21,224.71546936035156,180.11000061035156,827.3405151367188,476.6647644042969,206.8746795654297,418.3301086425781,547.6552124023438
2024-08-22,222.859375,176.1300048828125,829.4014892578125,477.9033203125,208.8316192626953,409.85772705078125,543.3568725585938
2024-08-23,225.15219116210938,177.0399932861328,846.2724609375,489.1080322265625,210.45114135742188,411.0807800292969,549.1301879882812
2024-08-26,225.4896697998047,175.5,846.5599975585938,487.6197509765625,211.28018188476562,407.82598876953125,547.8211669921875
2024-08-27,226.33334350585938,173.1199951171875,849.4261474609375,487.03411865234375,212.25379943847656,408.17120361328125,548.5733642578125
2024-08-28,224.8048095703125,170.8000030517578,851.8513793945312,483.26080322265625,213.32383728027344,404.9755554199219,545.3887939453125
2024-08-29,228.08026123046875,172.1199951171875,857.80419921875,489.7608642578125,214.21072387695312,407.4610595703125,545.4375610351562
2024-08-30,227.29611206054688,178.5,864.4566650390625,492.80316162109375,216.70751953125,411.4259948730469,550.6444091796875
2024-09-03,221.1124725341797,176.25,849.7136840820312,470.7924499511719,212.3695068359375,403.83148193359375,539.3126220703125
2024-09-04,219.20675659179688,173.3300018310547,849.771240234375,473.8636779785156,211.4344024658203,403.29888916015625,538.2086791992188
2024-09-05,220.72537231445312,177.88999938964844,840.3292846679688,471.1980895996094,209.79562377929688,402.7958984375,536.8997192382812
2024-09-06,219.17698669433594,171.38999938964844,831.0119018554688,463.2107849121094,204.81173706054688,396.197509765625,527.8636474609375
2024-09-09,219.26634216308594,175.39999389648438,846.5556640625,471.8644714355469,209.005126953125,400.16241455078125,533.773681640625
2024-09-10,218.47225952148438,179.5500030517578,852.235107421875,451.15753173828125,198.16012573242188,408.5262451171875,536.0986938476562
2024-09-11,221.00331115722656,184.52000427246094,845.7649536132812,455.0594177246094,199.76998901367188,417.2452087402344,541.5985107421875
2024-09-12,221.1124725341797,187.0,853.47900390625,457.8505554199219,199.1626739501953,421.1509094238281,546.1605224609375
2024-09-13,220.84449768066406,186.49000549316406,854.067138671875,462.61199951171875,196.96475219726562,424.6917419433594,549.0130004882812
2024-09-16,214.71047973632812,184.88999938964844,863.1793823242188,468.571044921875,200.37730407714844,425.4314880371094,549.8237915039062
2024-09-17,215.17697143554688,186.8800048828125,872.1854858398438,468.793212890625,201.71728515625,429.18927001953125,550.0484008789062
2024-09-18,219.04794311523438,186.42999267578125,889.7251586914062,468.0108642578125,200.05918884277344,424.9087219238281,548.4171752929688
2024-09-19,227.16709899902344,189.8699951171875,901.4505615234375,486.6026611328125,202.9029998779297,432.6807861328125,557.775634765625
2024-09-20,226.50204467773438,191.60000610351562,895.587890625,481.3872985839844,203.49102783203125,429.3075866699219,556.811279296875
2024-09-23,224.7849578857422,193.8800048828125,904.0925903320312,480.4021911621094,203.82843017578125,427.57171630859375,558.2026977539062
2024-09-24,225.67823791503906,193.9600067138672,907.5830688476562,480.9913024902344,203.9730224609375,423.2912292480469,559.7999267578125
2024-09-25,224.68568420410156,192.52999877929688,903.3115844726562,474.3465881347656,202.62344360351562,426.19091796875,558.565185546875
2024-09-26,225.8271484375,191.16000366210938,911.2376708984375,479.928955078125,202.22817993164062,425.40185546875,560.7798461914062
2024-09-27,226.09510803222656,187.97000122070312,911.4208984375,481.464599609375,202.92227172851562,422.15692138671875,559.966552734375
2024-09-30,231.266357421875,186.3300018310547,915.5671997070312,478.1808166503906,203.26931762695312,424.4056701660156,562.21044921875
2024-10-01,224.52688598632812,185.1300048828125,900.6309814453125,473.4097595214844,199.58685302734375,414.9273681640625,557.1738891601562
2024-10-02,225.09263610839844,184.75999450683594,923.0304565429688,475.1675109863281,199.82781982421875,411.4161376953125,557.4090576171875
2024-10-03,223.99090576171875,181.9600067138672,917.4763793945312,469.4789123535156,197.84197998046875,410.834228515625,556.3899536132812
2024-10-04,225.1125030517578,186.50999450683594,915.258544921875,478.22918701171875,204.86412048339844,410.3608093261719,561.446044921875
2024-10-07,220.04052734375,180.8000030517578,907.0431518554688,477.7076110839844,204.5828399658203,403.93011474609375,556.370361328125
2024-10-08,224.0901641845703,182.72000122070312,915.1429443359375,479.5909118652344,204.4082489013672,409.0292663574219,561.63232421875
2024-10-09,227.8321075439453,185.1699981689453,921.7479248046875,487.906494140625,206.9979248046875,411.7415771484375,565.5224609375
2024-10-10,227.3358154296875,186.64999389648438,921.4298095703125,486.4964294433594,206.4353790283203,410.1437683105469,564.5327758789062
2024-10-11,225.85691833496094,188.82000732421875,954.8604125976562,498.64630126953125,215.6009979248047,410.6172180175781,567.9132690429688
2024-10-14,229.5790252685547,187.5399932861328,956.2681884765625,504.875732421875,214.8153839111328,413.3985595703125,572.5579223632812
2024-10-15,232.1100311279297,187.69000244140625,971.0020141601562,504.5184326171875,215.69801330566406,413.0040588378906,568.1092529296875
2024-10-16,230.055419921875,186.88999938964844,979.439208984375,511.7425842285156,216.910400390625,410.419921875,570.5785522460938
2024-10-17,230.4226837158203,187.52999877929688,966.6630249023438,510.9120788574219,217.66690063476562,411.0117492675781,570.62744140625
2024-10-18,233.25148010253906,188.99000549316406,971.0213623046875,510.42919921875,218.58831787109375,412.4320068359375,572.8223876953125
2024-10-21,234.720458984375,189.07000732421875,964.7633056640625,500.09503173828125,216.28964233398438,413.04351806640625,571.8817749023438
2024-10-22,234.10508728027344,189.6999969482422,965.0332641601562,500.57794189453125,217.37594604492188,421.6539306640625,571.5780029296875
2024-10-23,229.04299926757812,184.7100067138672,952.8355102539062,499.51556396484375,216.6873016357422,418.7838134765625,566.355224609375
2024-10-24,228.8544464111328,186.3800048828125,948.82421875,506.5658874511719,218.2100830078125,418.9120178222656,567.5801391601562
2024-10-25,229.68820190429688,187.8300018310547,939.2492065429688,495.0727844238281,215.6204071044922,422.2851257324219,567.3841552734375
2024-10-28,231.66339111328125,188.38999938964844,950.96484375,505.6773986816406,218.7144012451172,420.74658203125,569.1381225585938
2024-10-29,231.93136596679688,190.8300018310547,948.0238647460938,506.3534851074219,216.19265747070312,426.0331115722656,570.0591430664062
2024-10-30,228.38795471191406,192.72999572753906,944.8418579101562,506.46929931640625,217.6572265625,426.6051940917969,568.3345947265625
2024-10-31,224.22911071777344,186.39999389648438,945.9603881835938,500.0852966308594,215.24212646484375,400.7837829589844,557.1934814453125
2024-11-01,221.25144958496094,197.92999267578125,949.8656616210938,501.592041015625,216.23146057128906,404.7487487792969,559.545166015625
2024-11-04,220.35812377929688,195.77999877929688,956.0560913085938,493.9814758300781,213.1665496826172,402.8648986816406,558.3399047851562
2024-11-05,221.7873992919922,199.5,978.0892333984375,508.9418640136719,214.82508850097656,405.8237609863281,565.09130859375
2024-11-06,221.06283569335938,207.08999633789062,993.0062866210938,575.601806640625,239.6256561279297,414.42431640625,579.1425170898438
2024-11-07,225.7874298095703,210.0500030517578,999.023193359375,562.2639770507812,229.26702880859375,419.6024169921875,583.6205444335938
2024-11-08,225.51914978027344,208.17999267578125,1002.1279907226562,569.1115112304688,229.8489532470703,416.75201416015625,586.148681640625
2024-11-11,222.80645751953125,206.83999633789062,1016.1674194335938,581.7444458007812,232.08946228027344,412.2840881347656,586.7071533203125
2024-11-12,222.80645751953125,208.91000366210938,999.3027954101562,572.3278198242188,232.35133361816406,417.2352600097656,584.8846435546875
2024-11-13,223.69082641601562,214.10000610351562,994.124755859375,573.9019165039062,233.90318298339844,419.3756103515625,585.1687622070312
2024-11-14,226.77114868164062,211.47999572753906,1009.6493530273438,568.4838256835938,234.59181213378906,421.04248046875,581.4061889648438
2024-11-15,223.57156372070312,202.61000061035156,1009.9288330078125,573.2451171875,237.9282989501953,409.3153076171875,573.9590454101562
2024-11-18,226.57241821289062,201.6999969482422,1012.4359741210938,567.8849487304688,237.65673828125,410.06488037109375,576.3108520507812
2024-11-19,226.8307647705078,204.61000061035156,991.357421875,561.5009765625,235.77513122558594,412.06707763671875,578.41748046875
2024-11-20,227.5461883544922,202.8800048828125,988.0404052734375,562.0321655273438,233.5346221923828,409.7985534667969,578.613525390625
2024-11-21,227.06924438476562,198.3800048828125,991.2512817382812,575.7274169921875,237.39486694335938,408.0295715332031,581.7196044921875
2024-11-22,228.41065979003906,197.1199951171875,999.4088134765625,582.1693115234375,241.07083129882812,412.11114501953125,583.5225830078125
2024-11-25,231.39161682128906,201.4499969482422,994.61669921875,582.4108276367188,242.75845336914062,413.8801574707031,585.501953125
2024-11-26,233.5677032470703,207.86000061035156,989.7855834960938,584.7963256835938,242.44808959960938,422.9722900390625,588.5591430664062
2024-11-27,233.4385528564453,205.74000549316406,983.0070190429688,584.7286987304688,242.2734832763672,418.0308837890625,586.7757568359375
2024-11-29,235.8233184814453,207.88999938964844,986.2371215820312,587.7613525390625,242.2056121826172,418.49542236328125,590.4208374023438
2024-12-02,238.06895446777344,210.7100067138672,983.6433715820312,584.0148315429688,238.84002685546875,425.92724609375,591.4791259765625
2024-12-03,241.1095428466797,213.44000244140625,1001.8580932617188,584.3740234375,237.45306396484375,426.1446533203125,591.7535400390625
2024-12-04,241.4672393798828,218.16000366210938,998.0010375976562,581.1030883789062,236.07579040527344,432.2917785644531,595.427978515625
2024-12-05,241.49705505371094,220.5500030517578,1012.4202880859375,579.2492065429688,238.0932159423828,437.4308166503906,594.4481201171875
2024-12-06,241.29832458496094,227.02999877929688,1010.5692749023438,582.0444946289062,239.91664123535156,438.3696594238281,595.5750732421875
2024-12-09,245.1835174560547,226.08999633789062,1013.970703125,576.6480712890625,236.4734344482422,440.7909240722656,592.508056640625
2024-12-10,246.19703674316406,225.0399932861328,1024.32958984375,567.825439453125,235.55203247070312,438.1324768066406,590.6658325195312
2024-12-11,244.92514038085938,230.25999450683594,1032.265869140625,575.1339111328125,236.2018585205078,443.72613525390625,595.2320556640625
2024-12-12,246.38584899902344,228.97000122070312,1026.0252685546875,574.2118530273438,234.26205444335938,444.2894592285156,592.1650390625
2024-12-13,246.55474853515625,227.4600067138672,1023.8161010742188,568.2620849609375,232.7198944091797,442.0262451171875,592.0474853515625
2024-12-16,249.44625854492188,232.92999267578125,1031.6748046875,569.087158203125,232.37074279785156,446.2956237792969,594.5755615234375
2024-12-17,251.87078857421875,231.14999389648438,1016.7227172851562,557.77978515625,231.18743896484375,449.1319580078125,592.1258544921875
2024-12-18,246.47525024414062,220.52000427246094,988.6984252929688,534.068115234375,223.43785095214844,432.2621154785156,574.478515625
2024-12-19,248.20420837402344,223.2899932861328,984.8513793945312,537.6982421875,225.949951171875,431.90631103515625,574.302001953125
2024-12-20,252.8743896484375,224.9199981689453,996.8284912109375,549.4520263671875,230.45033264160156,431.48138427734375,581.199951171875
2024-12-23,253.64942932128906,225.05999755859375,1007.4974365234375,553.9944458007812,231.216552734375,430.1471862792969,584.680419921875
2024-12-24,256.56085205078125,229.0500030517578,1022.158935546875,565.6511840820312,235.01858520507812,434.1793212890625,591.1790771484375
2024-12-26,257.3756408691406,227.0500030517578,1021.6259765625,564.13720703125,235.8236083984375,432.9736633300781,591.2184448242188
2024-12-27,253.9674072265625,223.75,1011.8388061523438,559.2356567382812,233.9128875732422,425.48248291015625,584.9949340820312
2024-12-30,250.5989227294922,221.3000030517578,995.6076049804688,556.6829223632812,232.1185760498047,419.849365234375,578.3193359375
2024-12-31,248.83023071289062,219.38999938964844,993.3594360351562,555.7803955078125,232.496826171875,416.55841064453125,576.2152709960938
2025-01-02,242.30191040039062,220.22000122070312,985.8882446289062,558.061279296875,232.778076171875,413.6726379394531,574.7994995117188
2025-01-03,241.8150177001953,224.19000244140625,989.2120361328125,563.0694580078125,235.95941162109375,418.3867492675781,581.9865112304688
2025-01-06,243.44461059570312,227.61000061035156,981.3726196289062,566.2337036132812,234.8090057373047,422.8339538574219,585.3390502929688
2025-01-07,240.67234802246094,222.11000061035156,950.3831176757812,563.0597534179688,237.07080078125,417.4181823730469,578.7223510742188
2025-01-08,241.1592254638672,222.1300048828125,955.5576782226562,562.9627685546875,237.03179931640625,419.5824890136719,579.56787109375
2025-01-10,235.3463592529297,218.94000244140625,926.0411376953125,543.531494140625,233.8535614013672,414.038330078125,570.7193603515625
2025-01-13,232.9119110107422,218.4600067138672,925.4306640625,546.3947143554688,238.08473205566406,412.2989501953125,571.604248046875
2025-01-14,231.79901123046875,217.75999450683594,933.337890625,554.7224731445312,241.262939453125,410.7967529296875,572.3907470703125
2025-01-15,236.35986328125,223.35000610351562,981.7988891601562,588.1011352539062,246.02056884765625,421.3119812011719,582.802490234375
2025-01-16,226.81089782714844,220.66000366210938,964.879638671875,594.963134765625,247.89239501953125,419.6022644042969,581.6817626953125
2025-01-17,228.51995849609375,225.94000244140625,973.8336181640625,607.5323486328125,252.6597442626953,424.0000915527344,587.5217895507812
2025-01-21,221.2265625,230.7100067138672,980.74267578125,616.073486328125,256.4326477050781,423.476318359375,592.8995971679688
2025-01-22,222.4090118408203,235.00999450683594,975.1708374023438,614.1226196289062,256.2474060058594,440.9688720703125,596.232666015625
2025-01-23,222.24009704589844,235.4199981689453,986.2080688476562,620.6934814453125,259.2794494628906,441.47283935546875,599.4868774414062
2025-01-24,221.3656768798828,234.85000610351562,988.8438110351562,618.1700439453125,258.1972961425781,438.8538818359375,597.73681640625
2025-01-27,228.40072631835938,235.4199981689453,998.0398559570312,614.6564331054688,259.18194580078125,429.4653015136719,589.2816162109375
2025-01-28,236.74740600585938,238.14999389648438,1018.6411743164062,619.0435180664062,260.4396057128906,441.9571228027344,594.3449096679688
2025-01-29,237.84042358398438,237.07000732421875,1020.007568359375,618.635986328125,259.8935852050781,437.1441650390625,591.6806030273438
2025-01-30,236.08164978027344,234.63999938964844,1038.331787109375,626.711181640625,261.5022888183594,410.1247253417969,594.8561401367188
2025-01-31,234.5017547607422,237.67999267578125,1042.1885986328125,621.5670166015625,260.5955810546875,410.19390869140625,591.6903076171875
2025-02-03,226.56248474121094,237.4199981689453,982.351318359375,613.7732543945312,260.11785888671875,406.1024475097656,587.70849609375
2025-02-04,231.3220977783203,242.05999755859375,984.2020874023438,615.5299072265625,261.21954345703125,407.5354309082031,591.6510620117188
2025-02-05,230.99417114257812,236.1699981689453,983.0780029296875,626.4685668945312,263.6470642089844,408.4446716308594,594.0499877929688
2025-02-06,231.73941040039062,238.8300018310547,975.442138671875,638.8629760742188,269.95477294921875,410.9449462890625,596.1146240234375
2025-02-07,226.1848907470703,229.14999389648438,961.313720703125,636.6112060546875,268.88238525390625,404.9461669921875,590.6580200195312
2025-02-10,226.4534454345703,233.13999938964844,955.024658203125,631.3992309570312,264.2417907714844,407.38720703125,594.66943359375
2025-02-11,231.3973388671875,232.75999450683594,957.5925903320312,628.2059936523438,268.0926818847656,406.6163635253906,595.1216430664062
2025-02-12,235.625,228.92999267578125,943.5514526367188,629.9141235351562,268.54119873046875,404.2444763183594,593.2044067382812
2025-02-13,240.26051330566406,230.3699951171875,949.937255859375,629.8655395507812,269.3893737792969,405.72686767578125,599.4672241210938
2025-02-14,243.31439208984375,228.67999267578125,943.7549438476562,641.12451171875,269.6525573730469,403.6416320800781,599.437744140625
2025-02-18,243.18507385253906,226.64999389648438,947.5728759765625,652.4221801757812,272.9283142089844,404.8374938964844,601.1975708007812
2025-02-19,243.5829620361328,226.6300048828125,955.7901611328125,648.5009765625,272.245849609375,409.90728759765625,602.6134033203125
2025-02-20,244.5379180908203,222.8800048828125,958.736083984375,623.372314453125,260.1081237792969,412.0760192871094,600.1063232421875
2025-02-21,244.2593994140625,216.5800018310547,944.045654296875,607.2022705078125,257.6123046875,404.2331237792969,589.8419189453125
2025-02-24,245.80125427246094,212.7100067138672,923.2890625,607.7265014648438,254.7850799560547,400.06414794921875,587.157958984375
2025-02-25,245.74154663085938,212.8000030517578,928.337646484375,596.82666015625,250.94387817382812,394.0235595703125,584.2379150390625
2025-02-26,239.0966796875,214.35000610351562,924.2290649414062,599.6026000976562,252.29901123046875,395.83575439453125,584.5328369140625
2025-02-27,236.05274963378906,208.74000549316406,915.6240844726562,590.1199340820312,252.55245971679688,388.70587158203125,575.2025756835938
2025-02-28,240.5688934326172,212.27999877929688,947.495361328125,606.9845581054688,258.01202392578125,393.1224060058594,584.178955078125
2025-03-03,236.7789306640625,205.02000427246094,936.5357055664062,590.3734741210938,254.08314514160156,384.7052307128906,573.9441528320312
2025-03-04,234.68994140625,203.8000030517578,922.310302734375,566.8467407226562,243.97323608398438,384.8240661621094,567.150390625
2025-03-05,234.50094604492188,208.36000061035156,938.1539306640625,578.4832763671875,245.2211151123047,397.1131591796875,573.24609375
2025-03-06,234.09310913085938,200.6999969482422,929.9171752929688,553.7080078125,240.3562469482422,393.0234069824219,563.0703125
2025-03-07,237.81346130371094,199.25,922.60009765625,545.90478515625,236.20314025878906,389.4783020019531,566.2262573242188
2025-03-10,226.2843780517578,194.5399932861328,891.7532348632812,518.5836791992188,226.39544677734375,376.4563903808594,551.1444702148438
2025-03-11,219.6792755126953,196.58999633789062,886.9888305664062,518.3593139648438,223.39271545410156,376.7436218261719,546.5629272460938
2025-03-12,215.8395538330078,198.88999938964844,886.686767578125,522.5340576171875,222.1837921142578,379.5361022949219,549.4632568359375
2025-03-13,208.5779266357422,193.88999938964844,877.3334350585938,511.902099609375,219.54177856445312,375.0799255371094,542.138671875
2025-03-14,212.36790466308594,197.9499969482422,904.8480834960938,528.0938110351562,226.6099395751953,384.7745361328125,553.3369750976562
2025-03-17,212.87521362304688,195.74000549316406,933.3955688476562,537.7796630859375,228.0625762939453,384.9131774902344,557.6038818359375
2025-03-18,211.57211303710938,192.82000732421875,933.9995727539062,538.2088623046875,229.07647705078125,379.7836608886719,551.5770263671875
2025-03-19,214.1086883544922,195.5399932861328,932.645263671875,543.6321411132812,233.11264038085938,384.0417785644531,557.584228515625
2025-03-20,212.97470092773438,194.9499969482422,929.6639404296875,548.8407592773438,233.01515197753906,383.0713195800781,555.9718627929688
2025-03-21,217.12278747558594,196.2100067138672,927.28662109375,551.240234375,235.56942749023438,387.4482727050781,556.1552734375
2025-03-24,219.56985473632812,203.25999450683594,938.7542724609375,565.832275390625,241.83815002441406,389.25048828125,566.1151123046875
2025-03-25,222.57398986816406,205.7100067138672,948.4779052734375,571.5286254882812,244.83114624023438,391.310302734375,567.4760131835938
2025-03-26,220.36563110351562,201.1300048828125,943.3726196289062,559.8042602539062,244.73367309570312,386.17083740234375,560.7012939453125
2025-03-27,222.67347717285156,201.36000061035156,943.0802612304688,545.1732177734375,241.89663696289062,386.77484130859375,559.212158203125
2025-03-28,216.75469970703125,192.72000122070312,922.3858032226562,529.7618408203125,236.7588348388672,375.1096496582031,547.95068359375
2025-03-31,220.96249389648438,190.25999450683594,922.17138671875,532.8538208007812,239.1473846435547,371.73291015625,551.6290283203125
2025-04-01,222.01690673828125,192.1699981689453,919.8330688476562,534.9607543945312,237.54852294921875,378.46661376953125,553.1870727539062
2025-04-02,222.71322631835938,196.00999450683594,937.1370239257812,549.2503662109375,239.65435791015625,378.4171142578125,556.6878051757812
2025-04-03,202.12205505371094,178.41000366210938,864.8523559570312,498.65618896484375,222.95399475097656,369.4750671386719,529.2537841796875
2025-04-04,187.38987731933594,171.0,801.4924926757812,459.23028564453125,206.26849365234375,356.3343200683594,498.26971435546875
2025-04-07,180.50624084472656,175.25999450683594,796.5040283203125,454.0606689453125,210.34913635253906,354.3736267089844,497.3821716308594
2025-04-08,171.5137481689453,170.66000366210938,794.7697143554688,450.8515930175781,212.73275756835938,351.1058044433594,489.591796875
2025-04-09,197.80484008789062,191.10000610351562,874.0401000976562,504.15740966796875,229.86949157714844,386.6857604980469,541.0084228515625
2025-04-10,189.4191436767578,181.22000122070312,836.723876953125,477.75323486328125,222.77743530273438,377.6347961425781,517.3019409179688
2025-04-11,197.1085205078125,184.8699951171875,856.210205078125,482.27911376953125,231.69400024414062,384.6656188964844,526.5321044921875
2025-04-14,201.45555114746094,182.1199951171875,867.0933837890625,491.5845031738281,230.2422332763672,384.0318603515625,531.64013671875
2025-04-15,201.07752990722656,179.58999633789062,865.6221313476562,495.3983154296875,228.68258666992188,381.9721374511719,530.151123046875
2025-04-16,193.24893188476562,174.3300018310547,843.5440673828125,486.7757263183594,225.229736328125,367.98968505859375,518.3668823242188
2025-04-17,195.9446563720703,172.61000061035156,853.2872924804688,496.9589538574219,227.534912109375,364.1969909667969,519.1065063476562
2025-04-21,192.14476013183594,167.32000732421875,832.0665893554688,489.0289001464844,224.62155151367188,355.6213684082031,506.7503662109375
2025-04-22,198.690185546875,173.17999267578125,864.433349609375,507.20074462890625,231.0956573486328,363.2463684082031,519.9349365234375
2025-04-23,203.52462768554688,180.60000610351562,869.61669921875,516.2914428710938,236.28472900390625,370.7426452636719,527.991455078125
2025-04-24,207.27479553222656,186.5399932861328,892.7276000976562,531.9564819335938,239.97299194335938,383.5268249511719,539.1051635742188
2025-04-25,208.18002319335938,188.99000549316406,884.3776245117188,531.458984375,238.90380859375,388.0325012207031,543.0003662109375
2025-04-28,209.0355224609375,187.6999969482422,890.2722778320312,532.9611206054688,238.58009338378906,387.3492431640625,543.20751953125
2025-04-29,210.09986877441406,187.38999938964844,896.8782348632812,535.4191284179688,239.95338439941406,390.2012023925781,546.6292724609375
2025-04-30,211.38311767578125,184.4199981689453,890.7789916992188,534.0828247070312,239.95338439941406,391.4092712402344,546.8462524414062
2025-05-01,212.1988067626953,190.1999969482422,892.6106567382812,540.2084350585938,242.18006896972656,421.2556457519531,550.7217407226562
2025-05-02,204.2706756591797,189.97999572753906,905.335205078125,552.1766357421875,247.69285583496094,431.0394287109375,558.8967895507812
2025-05-05,197.8446502685547,186.35000610351562,896.887939453125,545.7974243164062,247.74192810058594,431.9207458496094,555.6917724609375
2025-05-06,197.4666290283203,185.00999450683594,891.470703125,535.848388671875,244.49505615234375,429.0885925292969,551.0471801757812
2025-05-07,195.218505859375,188.7100067138672,896.7222900390625,538.3453979492188,244.63238525390625,429.1282043457031,553.3645629882812
2025-05-08,196.45199584960938,192.0800018310547,904.7896728515625,551.7864990234375,248.63455200195312,433.9012451171875,557.2202758789062
2025-05-09,197.4865264892578,193.05999755859375,899.7232055664062,553.1519775390625,248.2519989013672,434.455810546875,556.5103149414062
2025-05-12,209.95704650878906,208.63999938964844,933.4248046875,576.7958374023438,255.08901977539062,444.88323974609375,574.9015502929688
2025-05-13,212.08859252929688,211.3699951171875,934.5452270507812,588.9591064453125,257.9925537109375,444.764404296875,578.6981201171875
2025-05-14,211.49098205566406,210.25,942.222900390625,596.5575561523438,260.5724182128906,448.52734375,579.4376220703125
2025-05-15,210.6144561767578,205.1699981689453,957.8314208984375,600.7517700195312,262.3870849609375,449.5392761230469,582.2678833007812
2025-05-16,210.42518615722656,205.58999633789062,964.2911376953125,603.8048706054688,262.45574951171875,450.6702575683594,585.9559936523438
2025-05-19,207.9550018310547,206.16000366210938,968.1396484375,597.2402954101562,259.826904296875,455.2337951660156,586.5969848632812
2025-05-20,206.04258728027344,204.07000732421875,972.085693359375,591.6025390625,260.6116027832031,454.5393371582031,584.6246948242188
2025-05-21,201.2914276123047,201.1199951171875,947.8446655273438,578.8637084960938,256.06011962890625,448.98370361328125,574.7733154296875
2025-05-22,200.5643310546875,203.10000610351562,944.9899291992188,583.516357421875,255.69720458984375,451.25555419921875,575.0001831054688
2025-05-23,194.49838256835938,200.99000549316406,938.4425048828125,583.8187255859375,255.73643493652344,446.6126708984375,571.0753173828125
2025-05-27,199.4188690185547,206.02000427246094,956.11669921875,600.5859985351562,260.22906494140625,457.0393371582031,582.9483642578125
2025-05-28,199.62803649902344,204.72000122070312,946.3345336914062,593.4752807617188,258.46337890625,453.73577880859375,579.5757446289062
2025-05-29,199.15988159179688,205.6999969482422,951.2450561523438,589.9832763671875,259.3266296386719,455.0452880859375,581.863525390625
2025-05-30,200.05633544921875,205.00999450683594,954.7233276367188,588.6011352539062,258.9636535644531,456.71197509765625,581.2128295898438
2025-06-02,200.9029541015625,206.64999389648438,952.9500732421875,586.9052734375,259.611083984375,458.3092346191406,584.4866943359375
2025-06-03,202.46678161621094,205.7100067138672,956.9058227539062,591.9144287109375,261.1903381347656,459.3013000488281,587.8197631835938
2025-06-04,202.0185546875,207.22999572753906,963.5701904296875,587.3856201171875,259.1794738769531,460.19415283203125,587.6619873046875
2025-06-05,199.8372039794922,207.91000366210938,965.2352294921875,593.9240112304688,256.95281982421875,463.9739685058594,584.8218994140625
2025-06-06,203.11419677734375,213.57000732421875,968.7515258789062,601.8837280273438,260.6606750488281,466.6525573730469,590.8274536132812
2025-06-09,200.65394592285156,216.97999572753906,968.5459594726562,601.4132080078125,261.6513977050781,469.0038146972656,591.3599243164062
2025-06-10,201.86915588378906,217.61000061035156,971.5430908203125,602.7365112304688,263.4759521484375,467.1883239746094,594.7128295898438
2025-06-11,197.99452209472656,213.1999969482422,972.9143676757812,611.8530883789062,263.0345153808594,468.8748474121094,593.0166625976562
2025-06-12,198.41285705566406,213.24000549316406,967.968017578125,612.7744750976562,263.1227722167969,475.0753173828125,595.3734130859375
2025-06-13,195.67372131347656,212.10000610351562,951.8751831054688,601.4328002929688,259.8955383300781,471.1962890625,588.7171630859375
2025-06-16,197.6359405517578,216.10000610351562,961.9442138671875,615.4603881835938,265.2023010253906,475.3431701660156,594.318359375
2025-06-17,194.86692810058594,214.82000732421875,949.289306640625,612.3137817382812,264.3783264160156,474.25189208984375,589.2398071289062
2025-06-18,195.80320739746094,212.52000427246094,959.4171752929688,622.70458984375,268.7336730957031,476.4344482421875,589.1510009765625
2025-06-20,200.20574951171875,209.69000244140625,954.4413452148438,628.1549072265625,269.7538146972656,473.616943359375,587.7673950195312
2025-06-23,200.70375061035156,208.47000122070312,966.0579833984375,634.1149291992188,272.9614562988281,482.1488037109375,593.5730590820312
2025-06-24,199.50851440429688,212.77000427246094,984.3448486328125,649.0443725585938,275.8944091796875,486.2261962890625,600.13037109375
2025-06-25,200.76353454589844,211.99000549316406,997.1858520507812,656.6512451171875,278.6409912109375,488.3691101074219,600.4666748046875
2025-06-26,200.20574951171875,217.1199951171875,1009.6349487304688,673.6000366210938,283.2414855957031,493.508056640625,605.1646118164062
2025-06-27,200.28543090820312,223.3000030517578,1026.3154296875,677.1780395507812,281.6327819824219,492.0100402832031,608.1712646484375
2025-06-30,204.3592529296875,219.38999938964844,1027.716064453125,693.7838134765625,284.3793640136719,493.4684143066406,611.0791015625
2025-07-01,206.99880981445312,220.4600067138672,1032.6329345703125,692.5192260742188,284.86981201171875,488.1508483886719,610.8812866210938
2025-07-02,211.6005401611328,219.9199981689453,1048.5985107421875,701.7631225585938,286.4295349121094,487.198486328125,613.6505737304688
2025-07-03,212.7061309814453,223.41000366210938,1059.94091796875,709.3993530273438,291.75201416015625,494.8870544433594,618.4869995117188
2025-07-07,209.12037658691406,223.47000122070312,1053.8876953125,696.9010009765625,287.77984619140625,493.77593994140625,613.8780517578125
2025-07-08,209.18014526367188,219.36000061035156,1052.9571533203125,683.5204467773438,278.72174072265625,492.68463134765625,613.5418090820312
2025-07-09,210.3056640625,222.5399932861328,1066.4053955078125,682.8145751953125,279.0962829589844,499.52008056640625,617.2210083007812
2025-07-10,211.57066345214844,222.25999450683594,1081.3914794921875,695.126708984375,284.05413818359375,497.5061340332031,618.9617309570312
2025-07-11,210.3256072998047,225.02000427246094,1079.0308837890625,691.0390014648438,282.7431640625,499.33154296875,616.7858276367188
2025-07-14,207.79562377929688,225.69000244140625,1088.6492919921875,699.2242431640625,284.55682373046875,499.033935546875,617.9627075195312
2025-07-15,208.28369140625,226.35000610351562,1024.6895751953125,688.6471557617188,282.4376525878906,501.8117370605469,615.3220825195312
2025-07-16,209.32955932617188,223.19000244140625,1060.029052734375,694.8326416015625,281.7181396484375,501.6133117675781,617.3792114257812
2025-07-17,209.19009399414062,223.8800048828125,1082.694091796875,691.9114990234375,285.73956298828125,507.6451416015625,621.1574096679688
2025-07-18,210.3455047607422,226.1300048828125,1080.9407958984375,694.2837524414062,287.08990478515625,506.0082092285156,620.7024536132812
2025-07-21,211.640380859375,229.3000030517578,1070.5877685546875,692.068359375,286.7942199707031,506.01812744140625,621.87939453125
2025-07-22,213.5527801513672,227.47000122070312,1077.8065185546875,686.5885009765625,287.2475891113281,501.2660827636719,621.9683837890625
2025-07-23,213.30377197265625,228.2899932861328,1097.37646484375,703.3609619140625,292.5011291503906,501.8613586425781,627.2598266601562
2025-07-24,212.9153289794922,232.22999572753906,1095.4176025390625,704.9882202148438,292.2940979003906,506.8316345214844,627.4674682617188
2025-07-25,213.0348358154297,231.44000244140625,1100.226806640625,714.5947875976562,294.33441162109375,509.6392822265625,630.1181030273438
2025-07-28,213.2041778564453,232.7899932861328,1094.878662109375,709.3699951171875,293.9992980957031,508.4388122558594,629.9598999023438
2025-07-29,210.43516540527344,231.00999450683594,1098.5126953125,717.53564453125,292.7771301269531,508.50823974609375,628.2982177734375
2025-07-30,208.22393798828125,230.19000244140625,1091.77392578125,716.3298950195312,295.3299255371094,509.1729431152344,627.507080078125
2025-07-31,206.7498016357422,234.11000061035156,1083.3111572265625,709.3111572265625,291.9885559082031,529.2723388671875,625.1531982421875
2025-08-01,201.5802764892578,214.75,1069.3929443359375,695.5678100585938,285.2171936035156,519.956787109375,614.9065551757812
2025-08-04,202.5464630126953,211.64999389648438,1093.155029296875,711.7030639648438,290.0369873046875,531.3955078125,624.2530517578125
2025-08-05,202.11814880371094,213.75,1086.8668212890625,706.6840209960938,287.1884460449219,523.5679321289062,621.0880737304688
2025-08-06,212.40733337402344,222.30999755859375,1097.5430908203125,710.4384765625,287.16876220703125,520.7802734375,625.845458984375
2025-08-07,219.16053771972656,223.1300048828125,1089.9910888671875,705.537109375,282.8220520019531,516.7127685546875,625.3212280273438
2025-08-08,228.44371032714844,222.69000244140625,1101.882080078125,707.0369873046875,284.6159362792969,517.9031982421875,630.1972045898438
2025-08-11,226.53909301757812,221.3000030517578,1104.7813720703125,705.0469360351562,285.4044189453125,517.6353759765625,628.9510498046875
2025-08-12,229.0021209716797,221.47000122070312,1135.81103515625,728.710693359375,288.6472473144531,525.0462036132812,635.6469116210938
2025-08-13,232.6717529296875,224.55999755859375,1136.2225341796875,729.9948120117188,286.36053466796875,516.454833984375,637.82275390625
2025-08-14,232.12330627441406,230.97999572753906,1136.349853515625,732.4552612304688,289.93841552734375,518.3397216796875,637.882080078125
2025-08-15,230.9366455078125,231.02999877929688,1111.7159423828125,716.3004760742188,286.32110595703125,516.0480346679688,636.388671875
2025-08-18,230.23863220214844,231.49000549316406,1112.8033447265625,716.5357666015625,287.34619140625,513.0023193359375,636.2501220703125
2025-08-19,229.90956115722656,228.00999450683594,1105.3101806640625,707.1448364257812,286.4886779785156,505.7304382324219,632.7984008789062
2025-08-20,225.3723907470703,223.80999755859375,1105.3004150390625,706.4585571289062,288.0459899902344,501.7125549316406,631.1170043945312
2025-08-21,224.26551818847656,221.9499969482422,1101.66650390625,701.822021484375,287.28704833984375,501.0666198730469,628.5850830078125
2025-08-22,227.11744689941406,228.83999633789062,1124.60595703125,727.2501220703125,291.9885559082031,504.037841796875,638.2382202148438
2025-08-25,226.51914978027344,227.94000244140625,1113.7630615234375,724.211181640625,290.6678161621094,501.0865173339844,635.42919921875
2025-08-26,228.6630859375,228.7100067138672,1116.4078369140625,734.1707153320312,294.28515625,498.8804626464844,638.0897827148438
2025-08-27,229.8397674560547,229.1199951171875,1108.4053955078125,734.87646484375,294.9849548339844,503.5509033203125,639.5436401367188
2025-08-28,231.9039306640625,231.60000610351562,1107.2789306640625,736.3959350585938,296.7492980957031,506.4326477050781,641.8085327148438
2025-08-29,231.485107421875,229.0,1104.0074462890625,734.4544677734375,297.09423828125,503.501220703125,637.98095703125
2025-09-02,229.0719451904297,225.33999633789062,1091.891357421875,720.2630615234375,295.39892578125,501.9410705566406,633.2533569335938
2025-09-03,237.79725646972656,225.99000549316406,1076.9249267578125,719.9772338867188,295.211669921875,502.1696472167969,636.685302734375
2025-09-04,239.10353088378906,235.67999267578125,1086.0047607421875,738.0515747070312,299.4598083496094,504.7731628417969,642.00634765625
2025-09-05,239.01380920410156,232.3300018310547,1081.6748046875,727.5164794921875,290.1552734375,491.884765625,640.14697265625
2025-09-08,237.20892333984375,235.83999633789062,1087.35302734375,731.1036987304688,288.70635986328125,495.06463623046875,641.7195434570312
2025-09-09,233.6888885498047,238.24000549316406,1088.091064453125,752.85400390625,293.5754699707031,495.2732849121094,643.203125
2025-09-10,226.1501922607422,230.3300018310547,1085.355224609375,758.4320678710938,296.22686767578125,497.22100830078125,645.0625610351562
2025-09-11,229.3810577392578,229.9499969482422,1116.14794921875,773.362548828125,301.1748352050781,497.8569641113281,650.4231567382812
2025-09-12,233.40968322753906,228.14999389648438,1105.549072265625,768.76025390625,302.5054626464844,506.6910095214844,650.2055053710938
2025-09-15,236.03224182128906,231.42999267578125,1097.380859375,775.3631591796875,304.4668884277344,512.1166381835938,653.6671142578125
2025-09-16,237.4781494140625,234.0500030517578,1101.1009521484375,774.1510009765625,304.75274658203125,505.83642578125,652.7671508789062
2025-09-17,238.3157958984375,231.6199951171875,1113.785888671875,782.715087890625,307.2760009765625,506.81024169921875,651.9561767578125
2025-09-18,237.20892333984375,231.22999572753906,1119.05078125,792.658935546875,308.7347717285156,505.2501220703125,655.0023803710938
2025-09-19,244.8074188232422,231.47999572753906,1124.679931640625,793.3389282226562,310.26251220703125,514.6705322265625,658.2465209960938
2025-09-22,255.35755920410156,227.6300048828125,1118.1455078125,793.8908081054688,307.9560852050781,511.21240234375,661.3607177734375
2025-09-23,253.7122344970703,220.7100067138672,1113.7564697265625,794.6398315429688,308.25177001953125,506.0252380371094,657.7606201171875
2025-09-24,251.5981903076172,220.2100067138672,1110.0462646484375,780.9511108398438,308.92205810546875,506.9394226074219,655.6678466796875
2025-09-25,256.14532470703125,218.14999389648438,1129.04931640625,783.247314453125,308.9516296386719,503.8390808105469,652.6429443359375
2025-09-26,254.73931884765625,219.77999877929688,1138.0635986328125,790.885009765625,311.5241394042969,508.2411804199219,656.3820190429688
2025-09-29,253.7122344970703,222.1699981689453,1156.869873046875,792.4717407226562,311.1594543457031,511.3613586425781,658.2266845703125
2025-09-30,253.9116668701172,219.57000732421875,1147.3338623046875,784.814208984375,310.9031677246094,514.6903686523438,660.7061157226562
2025-10-01,254.72933959960938,220.6300048828125,1122.9281005859375,774.1312866210938,306.2508850097656,516.4392700195312,662.95751953125
2025-10-02,256.40460205078125,222.41000366210938,1142.088623046875,768.090087890625,303.1362609863281,512.4942626953125,663.7210693359375
2025-10-03,257.2920837402344,219.50999450683594,1142.236328125,778.5365600585938,305.5806579589844,514.0940551757812,663.7112426757812
2025-10-06,255.96583557128906,220.89999389648438,1160.5208740234375,785.238037109375,306.2244567871094,525.2435302734375,666.0914916992188
2025-10-07,255.75645446777344,221.77999877929688,1147.6881103515625,778.2113037109375,304.7486877441406,520.6823120117188,663.6219482421875
2025-10-08,257.3320007324219,225.22000122070312,1146.477783203125,765.2616577148438,301.1236877441406,521.546875,667.5791625976562
2025-10-09,253.32330322265625,227.74000549316406,1148.869140625,768.6616821289062,302.6093444824219,519.1123657226562,665.6452026367188
2025-10-10,244.5780792236328,216.3699951171875,1114.3565673828125,753.28759765625,298.01373291015625,507.74432373046875,647.6542358398438
2025-10-13,246.96133422851562,220.07000732421875,1136.7547607421875,775.3829345703125,305.0260314941406,510.81488037109375,657.5919189453125
2025-10-14,247.07101440429688,216.38999938964844,1175.2725830078125,759.594970703125,299.19232177734375,510.3379211425781,656.78857421875
2025-10-15,248.63658142089844,215.57000732421875,1183.469970703125,756.805908203125,302.767822265625,510.19879150390625,659.7044677734375
2025-10-16,246.7519073486328,214.47000122070312,1152.7366943359375,747.1084594726562,295.6861572265625,508.3902587890625,655.211669921875
2025-10-17,251.5782470703125,213.0399932861328,1142.6988525390625,739.89453125,294.7155456542969,510.347900390625,658.9308471679688
2025-10-20,261.50018310546875,216.47999572753906,1141.5572509765625,752.2626953125,299.4696350097656,513.5376586914062,665.7840576171875
2025-10-21,262.0286865234375,222.02999877929688,1112.0343017578125,747.985595703125,294.2500305175781,514.4021606445312,665.7740478515625
2025-10-22,257.72088623046875,217.9499969482422,1111.71923828125,733.8138427734375,291.2984924316406,517.2639770507812,662.3128051757812
2025-10-23,258.84765625,221.08999633789062,1107.11376953125,739.9043579101562,291.72442626953125,517.283935546875,666.2402954101562
2025-10-24,262.07855224609375,224.2100067138672,1118.558837890625,772.52490234375,297.5680236816406,520.314697265625,671.6851806640625
2025-10-27,268.0516357421875,226.97000122070312,1113.3233642578125,778.54638671875,301.2425231933594,528.1749877929688,679.6094970703125
2025-10-28,268.2410888671875,229.25,1107.064453125,780.6160278320312,302.4409484863281,538.6585693359375,681.41455078125
2025-10-29,268.93914794921875,230.3000030517578,1080.54296875,771.7167358398438,302.58953857421875,538.1417846679688,681.7418212890625
2025-10-30,270.63433837890625,222.86000061035156,1080.5921630859375,778.7138671875,306.48199462890625,522.451171875,674.2439575195312
2025-10-31,269.60723876953125,244.22000122070312,1065.5946044921875,777.9353637695312,308.1459045410156,514.5512084960938,676.4556274414062
2025-11-03,268.2909851074219,254.0,1051.836669921875,774.14111328125,306.3928527832031,513.776123046875,677.7251586914062
2025-11-04,269.2781982421875,249.32000732421875,1043.05859375,779.3742065429688,306.2937927246094,511.0931701660156,669.6917114257812
2025-11-05,269.3778991699219,250.1999969482422,1056.5013427734375,781.6015014648438,308.7005615234375,503.96826171875,672.012451171875
2025-11-06,269.0089416503906,243.0399932861328,1052.43701171875,776.1713256835938,310.4239501953125,493.9715576171875,664.8021850585938
2025-11-07,267.7126159667969,244.41000366210938,1064.994140625,774.9492797851562,311.20635986328125,493.6933288574219,665.4567260742188
2025-11-10,268.9303283691406,248.39999389648438,1065.4173583984375,785.6519165039062,313.8607482910156,502.8155517578125,675.8407592773438
2025-11-11,274.73956298828125,249.10000610351562,1068.49755859375,798.572021484375,312.6028747558594,505.4786682128906,677.3878784179688
2025-11-12,272.962890625,244.1999969482422,1076.5377197265625,826.81689453125,317.34710693359375,507.9232177734375,677.7647705078125
2025-11-13,272.4438171386719,237.5800018310547,1052.643798828125,793.8316650390625,306.5216064453125,500.12261962890625,666.5179443359375
2025-11-14,271.90484619140625,234.69000244140625,1041.1197509765625,779.4530639648438,300.7076721191406,506.96923828125,666.408935546875
2025-11-17,266.9639892578125,232.8699951171875,1007.5226440429688,764.325439453125,297.4986572265625,504.296142578125,660.2003173828125
2025-11-18,266.94403076171875,222.5500030517578,1002.936767578125,765.0546264648438,296.5478515625,490.6824035644531,654.6563110351562
2025-11-19,268.0619812011719,222.69000244140625,998.5476684570312,774.6043090820312,300.3709411621094,484.0543518066406,657.1853637695312
2025-11-20,265.7562561035156,217.13999938964844,976.7400512695312,762.4923095703125,295.5277099609375,476.308837890625,647.1683349609375
2025-11-21,270.98651123046875,220.69000244140625,998.5870361328125,762.817626953125,295.171142578125,470.0268249511719,653.6149291992188
2025-11-24,275.4083557128906,226.27999877929688,1003.2811889648438,779.2559814453125,295.1513366699219,471.89849853515625,663.235107421875
2025-11-25,276.45635986328125,229.6699981689453,1013.3977661132812,790.69775390625,300.103515625,474.8752136230469,669.4734497070312
2025-11-26,277.0353088378906,229.16000366210938,1023.5241088867188,804.1895141601562,304.6991882324219,483.3475341796875,674.09521484375
2025-11-28,278.3328857421875,233.22000122070312,1030.649169921875,814.0741577148438,310.087158203125,489.82867431640625,677.7747192382812
2025-12-01,282.57501220703125,233.8800048828125,1023.406005859375,799.1140747070312,305.9669494628906,484.5820007324219,674.6803588867188
2025-12-02,285.6592712402344,234.4199981689453,1022.1069946289062,807.3839721679688,304.9368896484375,487.82757568359375,675.9300537109375
2025-12-03,283.623046875,232.3800048828125,1062.7012939453125,828.5388793945312,309.1462707519531,475.6119689941406,678.2706298828125
2025-12-04,280.179443359375,229.11000061035156,1058.4794921875,829.7867431640625,313.0783386230469,478.70819091796875,678.7664794921875
2025-12-05,278.26300048828125,229.52999877929688,1060.2496337890625,846.3561401367188,312.0284729003906,481.01788330078125,680.0557861328125
2025-12-08,277.3746643066406,226.88999938964844,1050.22216796875,858.3696899414062,312.1968078613281,488.8430480957031,678.0127563476562
2025-12-09,276.6659851074219,227.9199981689453,1059.4090576171875,868.164794921875,297.6373596191406,489.8385925292969,677.427490234375
2025-12-10,278.26300048828125,231.77999877929688,1071.3251953125,880.7032470703125,307.1455383300781,476.43829345703125,681.92041015625
2025-12-11,277.514404296875,230.27999877929688,1089.5997314453125,902.2840576171875,314.3460693359375,481.3265075683594,683.5072021484375
2025-12-12,277.763916015625,226.19000244140625,1076.991455078125,879.435546875,315.4751892089844,476.4084167480469,676.1580810546875
2025-12-15,273.6016540527344,222.5399932861328,1070.1385498046875,881.0499267578125,316.9608154296875,472.7148742675781,675.1365356445312
2025-12-16,274.1007385253906,222.55999755859375,1056.274169921875,870.7100830078125,312.5335693359375,474.2779235839844,673.2918701171875
2025-12-17,271.33587646484375,221.27000427246094,1053.1690673828125,863.95556640625,311.9690246582031,474.00909423828125,665.8832397460938
2025-12-18,271.68524169921875,226.75999450683594,1053.1591796875,867.887451171875,310.0079345703125,481.8342590332031,670.9114990234375
2025-12-19,273.1625061035156,227.35000610351562,1048.392822265625,884.9024658203125,314.17767333984375,483.7656555175781,676.9923095703125
2025-12-22,270.4674987792969,228.42999267578125,1076.1212158203125,890.3695678710938,320.0014953613281,482.7701110839844,681.2098999023438
2025-12-23,271.85491943359375,232.13999938964844,1074.479736328125,893.0535278320312,322.8143310546875,484.6915283203125,684.3233032226562
2025-12-24,273.3022155761719,232.3800048828125,1076.8629150390625,902.0364379882812,326.02337646484375,485.8563232421875,686.7305297851562
2025-12-26,272.89300537109375,232.52000427246094,1076.0223388671875,898.3323364257812,324.7754211425781,485.5476989746094,686.660888671875
2025-12-29,273.2523498535156,232.07000732421875,1076.30908203125,883.614990234375,320.6551818847656,484.9404296875,684.2138671875
2025-12-30,272.57354736328125,232.52999877929688,1071.2757568359375,875.929443359375,320.328369140625,485.3187255859375,683.3783569335938
2025-12-31,271.3558349609375,230.82000732421875,1058.44970703125,870.5615234375,319.1398010253906,481.4758605957031,678.3152465820312
2026-01-02,270.5074462890625,226.5,1073.00634765625,905.5623168945312,322.36865234375,470.84320068359375,679.55859375
2026-01-05,266.764404296875,233.05999755859375,1107.32080078125,939.3348999023438,330.8468322753906,470.7536315917969,684.0845336914062
2026-01-06,261.87347412109375,240.92999267578125,1099.923828125,946.29736328125,332.90625,476.3885192871094,688.1529541015625
2026-01-07,259.84722900390625,241.55999755859375,1063.14697265625,931.9861450195312,325.3250732421875,481.3265075683594,685.9347534179688
2026-01-08,258.55963134765625,246.2899932861328,1075.83447265625,925.8555297851562,328.11083984375,475.9902648925781,685.8651123046875
2026-01-09,258.8890075683594,247.3800048828125,1073.0457763671875,929.9656982421875,327.5138854980469,477.15509033203125,690.4010009765625
2026-01-12,259.7673645019531,246.47000122070312,1077.15966796875,940.4342651367188,322.8377990722656,475.06439208984375,691.4852294921875
2026-01-13,260.5658874511719,242.60000610351562,1077.4365234375,929.1437377929688,309.3169860839844,468.5832824707031,690.1026000976562
2026-01-14,259.4779052734375,236.64999389648438,1079.7208251953125,923.71630859375,306.30242919921875,457.34332275390625,686.7106323242188
2026-01-15,257.7311706542969,238.17999267578125,1143.8009033203125,966.4916381835938,307.68536376953125,454.6353759765625,688.5806884765625
2026-01-16,255.05612182617188,239.1199951171875,1150.24853515625,952.7647094726562,310.8789978027344,457.8211669921875,688.0037231445312
2026-01-20,246.2425079345703,231.0,1097.7186279296875,934.3135986328125,301.19854736328125,452.5048828125,673.9981689453125
2026-01-21,247.1907501220703,231.30999755859375,1115.32080078125,943.8610229492188,300.50213623046875,442.1410217285156,681.77685546875
2026-01-22,247.8894500732422,234.33999633789062,1127.0589599609375,945.4852905273438,302.0840148925781,449.1398620605469,685.3379516601562
2026-01-23,247.58001708984375,239.16000366210938,1117.3580322265625,910.0587158203125,296.2041015625,463.8841857910156,685.5865478515625
2026-01-26,254.93637084960938,238.4199981689453,1109.0810546875,922.9140625,299.5072021484375,468.19500732421875,689.0680541992188
2026-01-27,257.7910461425781,244.67999267578125,1094.39599609375,920.7946166992188,298.7809143066406,478.4493103027344,691.8134765625
2026-01-28,255.96444702148438,243.00999450683594,1109.2095947265625,927.8165893554688,299.2385559082031,479.49468994140625,691.7438354492188
2026-01-29,257.801025390625,241.72999572753906,1115.251708984375,931.0947875976562,304.8598327636719,431.57806396484375,690.3711547851562
2026-01-30,258.99884033203125,239.3000030517578,1106.509765625,926.4299926757812,304.33251953125,428.38232421875,688.3120727539062
2026-02-02,269.50927734375,242.9600067138672,1107.221923828125,937.2451782226562,306.5710754394531,421.49298095703125,691.7339477539062
2026-02-03,268.98028564453125,238.6199951171875,1058.192626953125,929.9756469726562,313.24688720703125,409.3868713378906,685.885009765625
2026-02-04,275.97723388671875,232.99000549316406,1064.205078125,904.5322265625,315.654541015625,412.3536682128906,682.5626831054688
2026-02-05,275.3983459472656,222.69000244140625,1043.08251953125,881.8619384765625,308.5807800292969,391.9246520996094,674.0379638671875
2026-02-06,277.6042175292969,210.32000732421875,1044.644775390625,919.8339233398438,320.7584533691406,399.3615417480469,686.96923828125
2026-02-09,274.3672180175781,208.72000122070312,1067.903564453125,934.5611572265625,320.4599914550781,411.76629638671875,690.2816772460938
2026-02-10,273.4280700683594,206.9600067138672,1075.696044921875,939.879638671875,316.659423828125,411.437744140625,688.4613037109375
2026-02-11,275.24639892578125,204.0800018310547,1070.8504638671875,935.5218505859375,309.2374267578125,402.57720947265625,688.3021850585938
2026-02-12,261.4891052246094,199.60000610351562,1043.9031982421875,895.8662719726562,301.09906005859375,400.05841064453125,677.668701171875
2026-02-13,255.5445556640625,198.7899932861328,1059.6068115234375,896.4506225585938,301.0094909667969,399.5407409667969,678.1461181640625
2026-02-17,263.6371154785156,201.14999389648438,1060.75390625,907.2459106445312,305.5661926269531,395.1004943847656,679.2402954101562
2026-02-18,264.106689453125,204.7899932861328,1080.126220703125,924.76611328125,307.2077941894531,397.828369140625,682.662109375
2026-02-19,260.3401184082031,204.86000061035156,1069.2681884765625,907.85009765625,306.48150634765625,397.5988464355469,680.8616333007812
2026-02-20,264.3364562988281,210.11000061035156,1081.490966796875,913.3864135742188,309.20758056640625,396.37152099609375,685.7855834960938
2026-02-23,265.9349670410156,205.27000427246094,1059.1124267578125,883.7437744140625,296.1543884277344,383.6390686035156,678.7827758789062
2026-02-24,271.8895263671875,208.55999755859375,1069.0408935546875,893.608154296875,295.7862243652344,388.1593017578125,683.7164916992188
2026-02-25,273.97760009765625,210.63999938964844,1081.62939453125,912.53466796875,301.75567626953125,399.7342224121094,689.4859008789062
2026-02-26,272.6987609863281,207.9199981689453,1078.1583251953125,920.0814819335938,304.5712890625,400.851806640625,685.6561889648438
2026-02-27,263.93682861328125,210.0,1051.4188232421875,851.3180541992188,298.7709655761719,391.8912048339844,682.3637084960938
2026-03-02,264.476318359375,208.38999938964844,1056.4422607421875,857.9190063476562,296.044921875,397.6886291503906,682.751708984375
2026-03-03,263.5072326660156,208.72999572753906,1040.8968505859375,858.795166015625,298.7311706542969,403.0570068359375,676.7337036132812
2026-03-04,262.2783508300781,216.82000732421875,1037.57421875,863.4446411132812,297.8656311035156,404.32427978515625,681.5082397460938
2026-03-05,260.0504150390625,218.94000244140625,1023.5023803710938,831.7941284179688,292.0553283691406,409.79241943359375,677.70849609375
2026-03-06,257.2229919433594,213.2100067138672,950.0960693359375,817.8157348632812,288.0060729980469,408.0761413574219,668.82568359375
2026-03-09,259.6407775878906,213.49000549316406,952.3035888671875,828.3792114257812,288.44384765625,408.5251770019531,674.6845703125
2026-03-10,260.58990478515625,214.3300018310547,961.9392700195312,830.1513671875,287.2598876953125,404.8830871582031,673.6002807617188
2026-03-11,260.5699157714844,212.64999389648438,945.8399658203125,820.1454467773438,286.0560302734375,404.0049743652344,672.7548217773438
2026-03-12,255.52456665039062,209.52999877929688,917.7284545898438,784.0645141601562,281.44964599609375,400.9914855957031,662.5390625
2026-03-13,249.8897705078125,207.6699981689453,918.931640625,778.7777709960938,281.996826171875,394.69512939453125,658.7890014648438
2026-03-16,252.58729553222656,211.74000549316406,937.974365234375,791.2826538085938,284.7029724121094,399.08563232421875,665.493408203125
2026-03-17,253.99598693847656,215.1999969482422,965.56884765625,803.498779296875,285.42926025390625,398.5467834472656,667.2440185546875
2026-03-18,249.70994567871094,209.8699951171875,962.8839721679688,801.9456787109375,286.27490234375,390.9432678222656,657.9335327148438
2026-03-19,248.73085021972656,208.75999450683594,964.1666870117188,805.9480590820312,286.5037536621094,388.1792297363281,656.3121948242188
2026-03-20,247.76173400878906,205.3699951171875,952.542236328125,809.9603881835938,285.1009216308594,381.0447082519531,646.9034423828125
2026-03-23,251.25851440429688,210.13999938964844,969.1188354492188,827.6224975585938,288.4338684082031,382.1722717285156,653.6959228515625
2026-03-24,251.4083709716797,207.24000549316406,970.5905151367188,832.052978515625,290.91119384765625,371.9344177246094,651.5015869140625
2026-03-25,252.38746643066406,211.7100067138672,975.8508911132812,838.1461791992188,293.91583251953125,370.2381286621094,655.1322021484375
2026-03-26,252.6572265625,207.5399932861328,963.0331420898438,819.0303955078125,290.1749572753906,365.1790771484375,643.432373046875
2026-03-27,248.57098388671875,199.33999633789062,928.6170654296875,799.3670654296875,281.3998718261719,355.9989318847656,632.4606323242188
2026-03-30,246.40298461914062,200.9499969482422,928.8258666992188,804.0563354492188,282.32513427734375,358.1842041015625,630.3460693359375
2026-03-31,253.55638122558594,208.27000427246094,956.3209838867188,842.2778930664062,292.6622314453125,369.3699951171875,648.6688842773438
2026-04-01,255.3946990966797,210.57000732421875,952.03515625,856.435546875,293.87603759765625,368.57171630859375,653.5562744140625
2026-04-02,255.68443298339844,209.77000427246094,961.143798828125,859.2531127929688,293.1000061035156,372.6528625488281,654.144775390625
2026-04-06,258.6217041015625,212.7899932861328,954.0338134765625,862.2498779296875,295.45001220703125,372.0741271972656,657.23681640625
2026-04-07,253.26666259765625,213.77000427246094,953.0891723632812,860.3582763671875,297.3999938964844,371.48541259765625,657.5260009765625
2026-04-08,258.66168212890625,221.25,995.927734375,901.7756958007812,307.9700012207031,373.52099609375,674.27294921875
2026-04-09,260.2502136230469,233.64999389648438,996.00732421875,899.7545776367188,310.3299865722656,372.26373291015625,678.162841796875
2026-04-10,260.240234375,238.3800048828125,993.7102661132812,903.8167114257812,309.8699951171875,370.0684814453125,677.7140502929688
2026-04-13,258.96142578125,239.88999938964844,1017.9138793945312,886.88134765625,313.67999267578125,383.539306640625,684.3369750976562
2026-04-14,258.59173583984375,249.02000427246094,1048.6507568359375,905.638671875,311.1199951171875,392.2604064941406,692.675537109375
2026-04-15,266.18475341796875,248.5,1042.7239990234375,895.5431518554688,305.92999267578125,410.3312683105469,698.1414184570312
2026-04-16,263.15753173828125,249.6999969482422,1019.20654296875,896.0509033203125,309.95001220703125,419.35174560546875,699.8569946289062
2026-04-17,269.98126220703125,250.55999755859375,1046.2442626953125,921.8870849609375,310.2900085449219,421.87628173828125,708.3152465820312
2026-04-20,272.79864501953125,248.27999877929688,1042.545166015625,937.6077880859375,316.989990234375,417.1664733886719,706.8988037109375
2026-04-21,265.9250183105469,249.91000366210938,1037.0062255859375,922.4844360351562,313.0,423.2433166503906,702.2708129882812
2026-04-22,272.9185791015625,255.36000061035156,1056.516357421875,930.7380981445312,313.0199890136719,431.984375,709.3825073242188
2026-04-23,273.1783142089844,255.0800018310547,1047.5667724609375,927.2135620117188,311.69000244140625,414.8514709472656,706.6295776367188
2026-04-24,270.81048583984375,263.989990234375,1039.1143798828125,922.8428344726562,308.2799987792969,423.7023010253906,712.10546875
2026-04-27,267.3636474609375,261.1199951171875,1050.937744140625,933.6950073242188,311.6300048828125,423.9018859863281,713.332275390625
2026-04-28,270.4608154296875,259.70001220703125,1043.8775634765625,922.4844360351562,311.45001220703125,428.3222961425781,709.8612060546875
2026-04-29,269.92132568359375,263.0400085449219,1033.5556640625,901.6263427734375,309.25,423.5426330566406,709.7515258789062
2026-04-30,271.1002502441406,265.05999755859375,1059.6287841796875,919.7166748046875,313.2300109863281,406.8987121582031,716.8132934570312
2026-05-01,279.88214111328125,268.260009765625,1055.7308349609375,919.6569213867188,312.4700012207031,413.5443115234375,718.7982177734375
2026-05-04,276.5751647949219,272.04998779296875,1046.3536376953125,899.3065795898438,307.6499938964844,412.72607421875,716.1649780273438
2026-05-05,283.9184265136719,273.54998779296875,1043.0323486328125,914.8580322265625,309.3999938964844,410.4909362792969,721.9102172851562
2026-05-06,287.245361328125,274.989990234375,1067.5540771484375,933.2369995117188,314.8999938964844,413.0653381347656,731.9443359375
2026-05-07,287.1754150390625,271.1700134277344,1061.7568359375,921.8074340820312,306.2699890136719,419.8606262207031,729.7001342773438
2026-05-08,293.0500183105469,272.67999267578125,1078.7509765625,932.370849609375,302.1000061035156,414.22283935546875,735.724609375
2026-05-11,292.67999267578125,268.989990234375,1075.2606201171875,940.7140502929688,300.0,411.7681579589844,737.4002685546875
2026-05-12,294.79998779296875,265.82000732421875,1086.3780517578125,941.7495727539062,304.8800048828125,406.8887023925781,736.2831420898438
2026-05-13,298.8699951171875,270.1300048828125,1087.9691162109375,951.2277221679688,300.25,404.3342590332031,740.4025268554688
2026-05-14,298.2099914550781,267.2200012207031,1097.843505859375,964.7083740234375,299.9100036621094,408.5451354980469,746.2474975585938
2026-05-15,300.2300109863281,264.1400146484375,1075.8375244140625,944.3082275390625,297.80999755859375,421.0081481933594,737.2706298828125
2026-05-18,297.8399963378906,264.8599853515625,1079.795166015625,942.20751953125,300.7300109863281,422.6246643066406,736.751953125
2026-05-19,298.9700012207031,259.3399963378906,1030.4930419921875,924.664794921875,295.70001220703125,416.51788330078125,731.8446044921875
2026-05-20,302.25,265.010009765625,1045.6773681640625,977.8106079101562,301.9800109863281,420.1499938964844,739.3452758789062
2026-05-21,304.989990234375,268.4599914550781,1057.7891845703125,983.8340454101562,303.0,419.0899963378906,740.8114624023438
2026-05-22,308.82000732421875,266.32000732421875,1066.9873046875,992.3564453125,306.3800048828125,418.57000732421875,743.7239990234375
2026-05-26,308.3299865722656,265.2900085449219,1071.3626708984375,990.1561889648438,306.739990234375,416.0299987792969,748.6613159179688
2026-05-27,310.8500061035156,271.8500061035156,1064.3421630859375,992.0975952148438,299.2799987792969,412.6700134277344,748.5316162109375
2026-05-28,312.510009765625,274.0,1040.6258544921875,1003.9454345703125,296.7300109863281,426.989990234375,752.6609497070312
2026-05-29,312.05999755859375,270.6400146484375,1041.013671875,1021.06005859375,299.30999755859375,450.239990234375,754.5361328125
2026-06-01,306.30999755859375,261.260009765625,1015.0101928710938,1048.5799560546875,296.5799865722656,460.5199890136719,756.5908203125
2026-06-02,315.20001220703125,256.5199890136719,1013.2501831054688,1064.5799560546875,300.9599914550781,441.30999755859375,757.6182250976562
2026-06-03,310.260009765625,250.02000427246094,985.3175659179688,1041.02001953125,300.8500061035156,427.3399963378906,752.3018798828125
2026-06-04,311.2300109863281,253.7899932861328,1016.8299560546875,1092.6099853515625,310.8900146484375,428.04998779296875,755.1445922851562
2026-06-05,307.3399963378906,246.02999877929688,995.5999755859375,1038.6800537109375,312.3699951171875,416.6700134277344,735.65478515625
2026-06-08,301.5400085449219,245.22000122070312,994.77001953125,1045.0,311.1099853515625,411.739990234375,737.3204345703125
2026-06-09,290.54998779296875,244.19000244140625,1011.9600219726562,1032.010009765625,312.70001220703125,403.4100036621094,735.1560668945312
2026-06-10,291.5799865722656,238.0,1010.6799926757812,1001.2899780273438,309.1400146484375,397.3599853515625,723.56591796875
2026-06-11,295.6300048828125,241.50999450683594,1016.5800170898438,1035.6400146484375,313.489990234375,390.3399963378906,735.8642578125
2026-06-12,291.1300048828125,238.5500030517578,1032.0,1062.75,320.7200012207031,390.739990234375,739.843994140625
2026-06-15,296.4200134277344,246.02000427246094,1042.8699951171875,1076.1700439453125,319.3999938964844,399.760009765625,752.890380859375
2026-06-16,299.239990234375,246.0,1052.22998046875,1090.6700439453125,331.1400146484375,393.8299865722656,748.4019775390625
2026-06-17,295.95001220703125,237.5,1057.3800048828125,1099.1400146484375,333.4599914550781,378.9100036621094,739.0560302734375
2026-06-18,298.010009765625,244.38999938964844,1050.0899658203125,1096.56005859375,325.2200012207031,379.3999938964844,746.739990234375
2026-06-22,297.010009765625,232.7899932861328,1051.739990234375,1106.3699951171875,331.4800109863281,367.3399963378906,744.3900146484375
2026-06-23,294.29998779296875,234.11000061035156,1015.3300170898438,1094.43994140625,334.1400146484375,373.94000244140625,733.5800170898438
2026-06-24,293.0799865722656,234.27000427246094,982.5999755859375,1076.9100341796875,333.45001220703125,365.4599914550781,733.239990234375
2026-06-25,275.1499938964844,227.00999450683594,971.9199829101562,1065.0899658203125,335.1199951171875,352.8299865722656,734.2999877929688
2026-06-26,283.7799987792969,232.69000244140625,964.7100219726562,1019.6099853515625,329.04998779296875,372.9700012207031,728.989990234375
